"CODE_TAXON";"IPS_S";"IPS_V";"DESCY_S";"DESCY_V";"SLADECEK_S";"SLADECEK_V";"ROTT_SAPRO_S";"ROTT_SAPRO_V";"KELLY_S";"KELLY_V";"WATA_SAPRO"
"AACU";2;3;0;0;0;0;0;0;5;1;0
"AAFF";5;1;4;1;0;0;1,3;3;2;2;0
"AAHE";5;2;0;0;0;0;1;5;3;1;0
"AALA";2;3;0;0;0;0;0;0;0;0;0
"AALG";5;1;0;0;0;0;1;5;2;2;0
"AAMB";4;1;0;0;1,5;3;0;0;0;0;1
"AAMO";4;1;0;0;0;0;0;0;3;1;0
"AAMP";5;1;4;1;0,4;3;0;0;0;0;2
"AANA";5;1;0;0;0;0;0;0;2;2;0
"AAND";2;3;0;0;2,5;3;0;0;3;1;0
"AATG";5;1;0;0;0;0;1;5;2;2;0
"AATO";5;2;0;0;0;0;0;0;0;0;2
"AAUS";5;3;5;3;0;0;0;0;3;1;0
"AAVE";5;2;0;0;0;0;0;0;3;1;0
"ABIA";5;1;4;1;0,4;3;1,4;3;2;2;2
"ABIO";5;1;0;0;0;0;1,2;4;2;1;0
"ABIP";4,6;1;0;0;0;0;0;0;0;0;0
"ABIT";1;3;4;1;0,4;3;0;0;0;0;2
"ABOY";4,6;1;3;1;0,9;1;0;0;4;1;0
"ABPA";2,7;2;0;0;0;0;0;0;3;1;0
"ABRT";5;1;0;0;0;0;1,2;4;2;1;0
"ABRY";5;2;0;0;0;0;1,1;4;3;1;0
"ABSB";4;1;0;0;0;0;0;0;3;1;0
"ABSU";5;1;0;0;0,4;3;0;0;2;2;2
"ACAC";2;3;0;0;0;0;0;0;5;1;0
"ACAF";5;1;4;1;1;2;1,3;3;2;2;0
"ACBI";4,4;1;0;0;0;0;0;0;5;1;0
"ACBP";4,6;1;0;0;0;0;0;0;0;0;0
"ACBR";4;1;5;3;0;0;0;0;4;2;2
"ACCL";4;2;0;0;1,5;3;1,6;3;4;2;0
"ACCR";4;2;0;0;0;0;0;0;4;2;2
"ACDE";3;3;0;0;0;0;0;0;5;2;0
"ACEC";4;1;0;0;1,5;3;0;0;0;0;1
"ACEN";2,9;2;0;0;0;0;2;3;5;2;0
"ACGT";1;3;0;0;0;0;0;0;0;0;2
"ACHA";2,8;2;0;0;0;0;0;0;5;2;0
"ACHL";5;1;0;0;0;0;0;0;2;1;0
"ACHT";1;3;0;0;0;0;0;0;0;0;0
"ACLD";5;1;0;0;0;0;1;5;2;2;0
"ACLE";4;2;0;0;1,5;3;1,6;3;4;2;2
"ACLI";5;2;5;3;0,4;3;0;0;0;0;2
"ACMG";5;1;0;0;0;0;0;0;2;2;0
"ACNP";5;3;0;0;0;0;1;5;2;2;0
"ACOF";2;3;0;0;0;0;0;0;5;1;0
"ACON";4;1;5;3;0;0;1,5;2;4;2;2
"ACOP";4;2;0;0;0;0;1,6;2;4;1;0
"ACPG";5;1;0;0;0;0;0;0;5;2;0
"ACPO";4,8;3;0;0;0;0;0;0;0;0;0
"ACRA";4,6;2;0;0;0;0;0;0;0;0;2
"ACRB";4,6;1;0;0;0;0;0;0;0;0;0
"ACRM";2;3;0;0;0;0;0;0;5;1;0
"ACRO";4;2;0;0;1,5;3;0;0;4;2;2
"ACRT";1;3;0;0;0;0;0;0;0;0;0
"ACSD";5;1;0;0;0;0;0;0;3;1;0
"ACTT";4,5;2;0;0;0;0;0;0;2;2;0
"ACUN";2,8;3;0;0;0;0;0;0;0;0;0
"ACUT";1;3;0;0;0;0;0;0;0;0;0
"ACVT";1;3;0;0;0;0;0;0;0;0;2
"ADAF";4;2;0;0;0;0;0;0;0;0;0
"ADAO";4,5;1;0;0;0;0;1,1;4;2;1;0
"ADAT";5;2;0;0;0;0;0;0;0;0;2
"ADAU";4,8;2;0;0;0;0;0;0;2;2;0
"ADBI";5;1;4;1;0,4;3;1,4;3;2;2;2
"ADBO";5;1;0;0;0;0;0;0;2;1;0
"ADBS";5;1;0;0;0,4;3;0;0;2;2;2
"ADBT";1;3;4;1;0,4;3;0;0;0;0;2
"ADCA";5;1;0;0;0;0;1;5;2;2;0
"ADCH";5;1;0;0;0;0;0;0;2;1;0
"ADCR";4,6;2;0;0;0;0;0;0;0;0;2
"ADCT";4,5;2;0;0;0;0;0;0;2;2;0
"ADDA";4,5;1;0;0;0;0;1,1;4;2;1;0
"ADEG";3;2;0;0;1,5;3;0;0;4;2;1
"ADEH";4;1;0;0;1,5;3;0;0;4;2;1
"ADEL";3;3;0;0;0;0;2,6;3;5;2;2
"ADEN";2,9;2;0;0;0;0;2;3;5;2;2
"ADET";5;1;0;0;0;0;1,1;4;2;2;0
"ADEU";3;1;0;0;0;0;0;0;0;0;0
"ADEX";5;2;0;0;0;0;0;0;2;2;0
"ADFS";5;1;0;0;0;0;0;0;4;1;0
"ADGI";4;1;0;0;0;0;0;0;5;1;0
"ADGL";5;1;0;0;0;0;1;5;2;2;0
"ADHA";2,8;2;0;0;0;0;0;0;5;2;0
"ADHE";5;2;0;0;0;0;1;5;3;1;0
"ADJK";5;2;0;0;0;0;0;0;2;2;2
"ADKP";3;2;0;0;0;0;0;0;3;1;0
"ADKR";4,5;1;0;0;0;0;0;0;2;2;0
"ADLA";2,6;1;0;0;0;0;0;0;0;0;0
"ADLB";4,8;3;0;0;0;0;1,9;4;5;2;0
"ADLI";4;1;0;0;0;0;0;0;0;0;0
"ADLO";5;1;5;3;0,4;3;0;0;2;2;2
"ADLP";5;3;0;0;0;0;0;0;4;1;2
"ADLS";5;1;0;0;0;0;1;5;4;1;0
"ADLT";1;3;0;0;0;0;0;0;0;0;0
"ADMA";5;2;0;0;0;0;0;0;2;2;0
"ADMF";5;1;4;1;1;2;1,3;3;2;2;0
"ADMI";5;1;4;1;1;2;1,7;1;2;2;2
"ADMM";2;1;0;0;3,2;3;3,1;3;5;1;0
"ADMS";3;1;3;2;1;3;0;0;5;1;0
"ADMT";1;3;4;1;1;1;0;0;0;0;0
"ADPT";1;3;4;1;0,4;3;0;0;0;0;2
"ADPY";5;1;4;1;0,4;3;0;0;4;2;2
"ADRI";4;1;0;0;0;0;0;0;0;0;0
"ADRK";4;1;0;0;0;0;0;0;5;2;0
"ADRT";1;3;0;0;0;0;0;0;0;0;0
"ADSA";3;1;0;0;0;0;3,1;3;2;2;1
"ADSB";3;2;0;0;0;0;0;0;1;0;0
"ADSG";1;3;0;0;0;0;0;0;0;0;1
"ADSH";5;2;0;0;0;0;0;0;0;0;2
"ADSO";5;1;0;0;0;0;1,1;4;5;2;0
"ADSU";5;1;0;0;0,4;3;0;0;2;2;2
"ADTA";5;2;0;0;0;0;0;0;0;0;0
"ADTG";1;3;0;0;0,4;3;0;0;0;0;2
"AEAB";1;3;0;0;1,5;3;0;0;0;0;1
"AEAZ";5;1;0;0;0;0;0;0;2;0;0
"AECO";4;1;0;0;1,5;3;0;0;0;0;1
"AEEL";3;1;0;0;0;0;0;0;0;0;0
"AEHE";4;1;0;0;1,5;3;0;0;4;2;1
"AELA";5;2;0;0;0;0;0;0;2;0;0
"AELG";4,5;1;0;0;0;0;0;0;3;1;2
"AELI";2,8;1;0;0;0;0;0;0;3;2;0
"AENG";2,9;2;0;0;0;0;2,6;3;5;2;2
"AETG";1;3;0;0;0;0;0;0;0;0;0
"AEUT";3;1;0;0;0;0;0;0;0;0;0
"AEXG";3;2;0;0;1,5;3;0;0;4;2;1
"AEXI";5;2;0;0;0;0;1,3;4;2;2;0
"AEXM";4;2;0;0;0;0;0;0;4;1;0
"AFGR";4;1;0;0;1,2;4;0;0;3;0;0
"AFLE";5;3;0;0;0,1;5;1;5;2;1;0
"AFOG";2,5;1;0;0;0;0;0;0;3;1;0
"AFOR";4;1;0;0;1,4;3;1,5;3;3;0;2
"AFRE";3,4;1;3;1;0;0;0;0;3;1;0
"AFTC";2,8;2;0;0;0;0;0;0;5;2;0
"AFUG";3,4;2;0;0;0;0;0;0;3;1;0
"AGCU";3;1;0;0;1,8;4;0;0;0;0;0
"AGES";3,9;2;0;0;0;0;0;0;4;2;0
"AGMU";3,8;1;0;0;0;0;0;0;0;0;0
"AGRA";4;1;0;0;1,2;4;1,5;3;3;0;0
"AGRM";5;1;0;0;0;0;1;5;2;2;0
"AGRN";5;1;0;0;0;0;0;0;5;2;0
"AGRS";5;2;0;0;0;0;0;0;3;1;0
"AGRU";5;2;0;0;0;0;0;0;1;1;0
"AHAE";2,8;2;0;0;0;0;0;0;5;2;0
"AHAL";5;2;0;0;0;0;0;0;3;1;0
"AHAU";2,8;2;0;0;0;0;0;0;5;2;0
"AHEL";5;2;0;0;0;0;1;5;3;1;0
"AHLA";2,8;2;0;0;0;0;0;0;5;2;0
"AHOL";2,4;2;0;0;0;0;0;0;5;1;0
"AHOS";3,8;1;0;0;0;0;0;0;3;1;0
"AHUN";2;3;0;0;2,5;3;2,7;3;3;1;0
"AHUS";4,8;1;0;0;0;0;1;5;2;2;2
"AINA";5;1;0;0;0;0;1,2;4;4;1;0
"AISA";4;1;0;0;0;0;0;0;0;0;0
"AITE";4;1;0;0;1,8;3;0;0;0;0;0
"AITL";3,7;1;0;0;1,5;3;0;0;0;0;0
"AJAK";5;2;0;0;0;0;0;0;1;1;0
"AKAF";5;1;0;0;0;0;0;0;2;2;0
"AKDE";5;2;0;0;0;0;1;5;1;1;0
"AKEN";5;2;0;0;0;0;0;0;3;1;0
"AKOL";4;1;0;0;0;0;0;0;4;2;0
"AKPR";5;1;0;0;0;0;0;0;1;1;0
"AKRA";4,8;1;0;0;0;0;1;5;2;2;2
"AKRY";3;2;0;0;0;0;0;0;3;1;0
"AKRZ";4,5;1;0;0;0;0;0;0;2;2;0
"ALAB";4;1;0;0;0;0;0;0;3;1;0
"ALAE";2,8;1;3;1;0;0;0;0;3;2;0
"ALAN";4,6;1;3;1;0,9;1;2,3;1;4;2;0
"ALAO";4,8;3;0;0;0;0;1,3;4;3;2;0
"ALAP";5;3;0;0;0;0;1;5;4;1;2
"ALAR";4,4;1;3;1;0;0;0;0;3;1;0
"ALAT";4,5;1;0;0;0;0;1;5;4;2;2
"ALAU";4,8;3;0;0;0;0;1,9;4;5;2;0
"ALBO";4,6;1;3;1;0,9;1;0;0;4;1;0
"ALBP";4,6;1;0;0;0;0;0;0;0;0;0
"ALCL";4,6;1;3;1;0,9;1;0;0;4;1;0
"ALCU";5;1;0;0;1,5;1;0;0;0;0;0
"ALDM";3,4;1;3;1;0;0;0;0;3;1;0
"ALEM";5;2;0;0;0;0;0;0;3;1;0
"ALEW";4,5;1;0;0;0;0;1;5;4;1;2
"ALFR";3,4;1;3;1;0;0;2,5;1;3;1;0
"ALFT";1;3;3;1;0;0;0;0;0;0;0
"ALIB";4;2;0;0;0;0;1,6;2;4;1;0
"ALIF";5;1;5;3;0,4;3;0;0;2;2;2
"ALIN";5;3;5;3;0,4;3;0;0;2;2;2
"ALIO";5;1;5;3;0,4;3;0;0;2;2;2
"ALIP";5;3;0;0;0;0;0;0;2;2;0
"ALIR";4;1;0;0;0;0;0;0;0;0;0
"ALJA";5;2;0;0;0;0;0;0;2;2;2
"ALOB";4;1;0;0;0;0;0;0;3;1;0
"ALRA";4;1;0;0;4,5;2;0;0;3;1;0
"ALRB";4,6;1;0;0;0;0;0;0;0;0;0
"ALRO";4,6;1;0;0;0;0;0;0;0;0;0
"ALSE";4;2;0;0;0,5;0;0;0;0;0;0
"ALTE";5;1;0;0;0;0;0;0;0;0;0
"ALTG";1;3;3;1;0,9;1;0;0;0;0;0
"ALUT";5;1;0;0;0;0;0;0;3;1;2
"ALVS";5;2;0;0;0;0;1,3;3;2;1;2
"AMAF";5;1;4;1;1;2;1,3;3;2;2;0
"AMAR";5;2;0;0;0;0;1;5;3;1;0
"AMAX";5;3;0;0;0;0;0;0;2;1;0
"AMCG";5;1;0;0;0;0;1;5;2;2;0
"AMCS";5;1;0;0;0;0;0;0;2;2;0
"AMFO";4;2;0;0;0;0;0;0;4;1;0
"AMGM";5;2;0;0;0;0;0;0;3;1;0
"AMGR";5;1;0;0;0;0;1;5;2;2;0
"AMIC";5;1;5;3;1;2;0;0;2;2;2
"AMII";5;1;0;0;1;2;0;0;2;2;0
"AMIN";5;1;4;1;1;2;1,7;1;2;2;2
"AMIS";4;2;0;0;0;0;1,9;4;5;1;0
"AMIT";1;3;4;1;1;2;0;0;0;0;2
"AMJA";5;2;0;0;0;0;0;0;2;2;2
"AMMA";5;2;0;0;0;0;0;0;2;2;0
"AMMG";5;1;0;0;0;0;0;0;2;2;0
"AMMO";2,8;1;0;0;0;0;1,6;1;5;1;1
"AMMT";1;3;0;0;3,2;3;0;0;0;0;0
"AMNT";1;3;3;2;1;1;0;0;0;0;0
"AMON";5;2;0;0;0;0;1;5;3;1;2
"AMOS";0;0;0;0;0;0;0;0;5;1;0
"AMPE";4;1;5;2;1,4;1;0;0;4;2;2
"AMSA";3;1;0;0;0;0;3,1;3;2;2;1
"AMSB";1;3;0;0;0;0;0;0;0;0;1
"AMSC";5;1;0;0;0;0;1;5;2;2;0
"AMSD";1;3;0;0;0;0;0;0;0;0;1
"AMSG";3,3;2;0;0;0;0;0;0;0;0;0
"AMUR";2;1;0;0;3,2;3;3,1;3;5;1;0
"AMUS";4;1;0;0;0;0;0;0;0;0;0
"AMUZ";3,8;1;0;0;0;0;0;0;0;0;0
"AMVI";2;3;0;0;0;0;0;0;5;1;0
"ANBR";5;2;5;3;0;0;1;5;1;3;0
"ANET";5;1;0;0;0;0;0;0;1;3;0
"ANEX";5;1;0;0;0;0;1,1;5;1;0;2
"ANIV";4;1;0;0;0;0;0;0;0;0;0
"ANMN";2;2;0;0;0;0;0;0;0;0;0
"ANOR";4,2;3;0;0;0,1;5;0;0;5;1;0
"ANTU";4,5;1;0;0;1,5;3;1,1;4;1;1;0
"AOBG";4,5;1;0;0;0;0;1;5;2;2;0
"AOCC";5;1;0;0;0;0;0;0;2;2;0
"AOGR";3;1;0;0;1,6;3;0;0;5;1;0
"AOLG";5;1;0;0;0;0;0;0;5;1;0
"AOLI";4;2;0;0;0;0;0;0;5;1;0
"AOPE";4;1;5;2;1,4;1;2,1;2;4;2;0
"AORI";4;1;0;0;0;0;0;0;3;1;0
"AOST";4,8;3;0;0;0;0;1,3;4;3;2;0
"AOTG";1;3;0;0;0;0;0;0;0;0;0
"AOVA";3;1;4;2;1,5;1;1,5;2;4;1;0
"AOVT";1;3;4;2;1,5;1;0;0;0;0;0
"APAB";1;3;5;2;1,4;1;0;0;0;0;2
"APAL";2;2;0;0;0;0;0;0;0;0;0
"APAR";2,7;2;0;0;0;0;0;0;3;1;0
"APCR";4,6;2;0;0;0;0;0;0;0;0;2
"APDU";4;1;0;0;0;0;0;0;3;0;0
"APED";4;1;5;2;1,4;1;2,1;2;4;2;2
"APEG";5;2;0;0;0;0;0;0;3;2;0
"APEL";4;1;0;0;1,3;4;1,3;3;1;3;0
"APER";5;2;0;0;0;0;1,1;4;3;2;0
"APET";5;2;0;0;0;0;1;5;1;1;0
"APFI";4;1;0;0;0;0;0;0;0;0;0
"APFM";3,4;1;3;1;0;0;0;0;3;1;0
"APFR";3,4;1;3;1;0;0;2,5;1;3;1;0
"APGE";3,9;2;0;0;0;0;0;0;4;2;0
"APHU";2;3;0;0;2,5;2;0;0;3;1;0
"APIA";4,4;1;3;1;0;0;0;0;3;1;0
"APII";2;3;0;0;0;0;0;0;5;1;0
"APIN";2,9;2;0;0;0;0;2;3;5;2;2
"APLN";4;1;0;0;0;0;0;0;3;1;0
"APLO";5;2;0;0;0;0;1,9;4;4;2;0
"APPE";5;2;0;0;0;0;1;5;1;1;0
"APPR";5;2;0;0;0;0;0;0;1;1;0
"APPU";2,5;1;0;0;0;0;0;0;3;1;0
"APRA";5;1;0;0;0;0;0;0;0;0;0
"APRC";5;2;0;0;0;0;0;0;1;1;0
"APRL";5;2;0;0;0;0;0;0;1;1;0
"APSS";2;3;0;0;0;0;0;0;0;0;0
"APST";4;1;0;0;0;0;0;0;3;1;0
"APTA";4;1;0;0;0;0;0;0;3;1;0
"APTG";1;3;0;0;0;0;0;0;5;1;0
"APUS";5;3;0;0;0;0;1;5;2;2;0
"APYR";5;1;4;1;0,4;3;0;0;2;2;2
"AREC";5;1;0;0;0;0;1;5;3;1;0
"ARHY";5;2;0;0;0;0;0;0;3;2;0
"AROK";4;1;0;0;0;0;0;0;5;2;0
"AROS";4,4;1;3;1;0;0;0;0;3;1;0
"ARPT";4,8;1;0;0;0;0;0;0;3;1;2
"ARSI";4;1;0;0;0;0;0;0;2;2;0
"ARSS";5;1;0;0;0;0;0;0;3;1;0
"ARTT";1;3;0;0;0;0;0;0;0;0;2
"ARUT";2,8;2;0;0;0;0;0;0;1;3;0
"ASAA";2;3;0;0;0;0;0;0;5;1;0
"ASAN";2;3;0;0;0;0;0;0;4;1;0
"ASAT";5;1;0;0;0;0;1,1;4;2;2;0
"ASAX";4,5;1;0;0;0;0;1;5;2;2;0
"ASBR";5;2;5;3;0;0;1;5;1;3;0
"ASBT";5;1;0;0;0;0;0;0;1;3;0
"ASCI";5;1;0;0;0;0;1;5;2;2;0
"ASCL";4,7;1;0;0;0;0;0;0;3;1;0
"ASCR";5;1;0;0;0;0;0;0;1;1;0
"ASCT";5;1;0;0;0;0;0;0;2;2;0
"ASCU";2;3;0;0;0;0;0;0;4;1;0
"ASEN";2,8;3;0;0;0;0;0;0;0;0;0
"ASER";5;2;0;0;0,2;4;1;5;1;3;0
"ASGU";2;3;0;0;2,7;4;0;0;4;1;0
"ASHU";5;2;0;0;0;0;0;0;0;0;2
"ASLV";5;1;0;0;0;0;0;0;1;1;0
"ASNA";2;3;0;0;0;0;0;0;4;1;0
"ASON";5;2;0;0;0;0;0;0;1;1;0
"ASPH";2;3;0;0;2,7;4;2,7;3;4;1;0
"ASSC";2;3;0;0;0;0;0;0;4;1;0
"ASTB";3;2;0;0;0;0;0;0;1;0;0
"ASTG";2,8;2;0;0;0;0;0;0;0;0;0
"ASTI";5;1;0;0;0;0;1;5;2;2;0
"ASTM";5;1;0;0;0,4;3;0;0;2;2;2
"ASTZ";5;1;0;0;0;0;0;0;2;2;0
"ASUC";4,5;1;0;0;0;0;1;5;4;1;2
"ASUR";4,5;1;0;0;0;0;0;0;4;1;2
"ATAI";5;2;0;0;0;0;0;0;0;0;0
"ATRC";4;1;0;0;0;0;0;0;3;1;0
"AUAL";4;2;0;0;0,5;3;0;0;0;0;0
"AUCR";4,5;1;0;0;0;0;0;0;0;0;0
"AUDI";4,6;2;0;0;0,5;2;0;0;0;0;0
"AUDN";4;1;0;0;0;0;0;0;0;0;0
"AUGA";2,8;1;0;0;1,8;4;0;0;0;0;0
"AUGR";2,9;1;0;0;1,8;4;0;0;0;0;0
"AUIC";3;1;0;0;0;0;0;0;0;0;0
"AUIS";5;1;0;0;0;0;0;0;0;0;0
"AUIT";3,7;1;0;0;1,5;3;0;0;0;0;0
"AUIV";4;2;0;0;0;0;0;0;0;0;0
"AUPD";5;1;0;0;0;0;0;0;0;0;0
"AUPF";4;2;0;0;0;0;0;0;0;0;0
"AUPU";3,8;1;0;0;0;0;0;0;0;0;0
"AUSB";3,8;1;0;0;0;0;0;0;0;0;0
"AUSS";3,8;1;0;0;0;0;0;0;0;0;0
"AUSU";4;1;0;0;0;0;0;0;2;0;0
"AUTN";5;1;0;0;0;0;0;0;0;0;0
"AUVA";4;2;0;0;0;0;0;0;0;0;0
"AVAR";5;2;0;0;0,6;3;0;0;1;3;2
"AVCA";5;1;0;0;0;0;0;0;5;1;0
"AVEN";1;2;0;0;2,5;3;3,6;3;5;1;0
"AVET";1;3;0;0;2,5;3;0;0;0;0;0
"AVIT";5;2;0;0;0,6;3;1;5;1;3;2
"AVTL";5;1;0;0;0;0;0;0;1;1;0
"AWIC";3,9;2;0;0;0;0;0;0;4;2;0
"BBER";3;1;0;0;2,1;3;0;0;4;1;0
"BBRE";5;2;5;3;0;0;1;5;1;3;0
"BBTH";5;1;0;0;0;0;0;0;1;3;0
"BLEV";2;3;0;0;0;0;1;5;0;0;0
"BLIL";5;2;0;0;0;0;0;0;0;0;0
"BMIC";5;1;0;0;0;0;1,1;5;1;0;0
"BNEO";5;1;0;0;0;0;1,1;5;1;0;0
"BNTG";1;3;0;0;0;0;0;0;0;0;0
"BPAR";2;3;0;0;1,8;4;2,3;3;4;1;0
"BPAT";1;3;0;0;1,8;4;0;0;0;0;0
"BPAX";2;3;0;0;1,8;4;2,3;3;4;1;0
"BPRO";5;1;0;0;0;0;0;0;2;0;0
"BRUT";2,8;2;0;0;0;0;0;0;1;3;0
"BSER";5;2;0;0;0,2;4;1;5;1;3;0
"BVIT";5;2;0;0;0,6;3;1;5;1;3;2
"CAAG";5;3;0;0;0;0;0;0;3;1;0
"CAEQ";4,6;2;0;0;0,7;4;0;0;1;1;0
"CAEX";4;2;0;0;0;0;0;0;0;0;0
"CAFA";4;2;5;3;0;0;0;0;3;1;0
"CAFF";4;2;0;0;1,1;2;1,2;4;1;3;0
"CAFM";4;2;0;0;0;0;0;0;0;0;0
"CAGR";3;1;0;0;0;0;0;0;0;0;0
"CAMB";3;3;3;2;2,3;4;0;0;4;1;1
"CAMP";2;3;0;0;2,3;2;2,3;3;3;1;0
"CAPH";4;1;0;0;1,3;2;1,1;4;2;1;0
"CAPS";5;3;0;0;0;0;1;5;3;1;0
"CARC";5;2;4;3;0,3;4;0;0;1;3;2
"CARL";5;2;4;3;0;0;0;0;1;3;2
"CASP";4;3;0;0;0;0;0;0;1;2;2
"CATE";5;2;0;0;0,2;4;1;5;3;1;0
"CATG";1;3;0;0;1,1;1;0;0;0;0;0
"CATO";2;1;0;0;0;0;0;0;0;0;1
"CAVA";5;2;4;3;0;0;0;0;1;3;2
"CAVE";4,5;1;5;3;1,3;1;0;0;2;1;0
"CBAC";4;2;5;3;0,9;2;2;4;4;1;0
"CBAM";4;1;0;0;1,3;2;1,1;4;2;1;0
"CBAT";1;3;5;3;0,9;2;0;0;0;0;0
"CBCU";5;2;0;0;0;0;1,1;4;4;1;0
"CBEL";2;2;0;0;0;0;0;0;0;0;0
"CBHD";5;2;0;0;0;0;0;0;4;1;0
"CBIP";5;2;0;0;0;0;0;0;2;1;0
"CBKU";5;1;0;0;0;0;0;0;0;0;0
"CBNA";3,8;3;5;3;0,8;3;1,3;3;2;1;0
"CBPD";5;2;0;0;0;0;0;0;2;1;0
"CCAC";4;3;0;0;0;0;0;0;0;0;0
"CCAE";4;2;0;0;0;0;1,6;2;3;1;0
"CCAS";2;2;0;0;0;0;0;0;0;0;0
"CCCP";5;1;0;0;0;0;0;0;0;0;0
"CCDO";4;2;0;0;0;0;1,6;2;4;2;0
"CCES";5;2;0;0;0,1;5;1;5;1;1;0
"CCGI";4;3;0;0;0;0;0;0;2;1;0
"CCHE";4;3;0;0;0;0;0;0;0;0;0
"CCHO";2;2;0;0;0;0;0;0;0;0;0
"CCIS";4;3;4;3;1,2;2;1,4;3;2;2;2
"CCMI";4;3;0;0;0;0;0;0;0;0;0
"CCMP";5;3;0;0;0,6;2;1,8;3;2;1;0
"CCMS";4;3;0;0;0,5;3;0;0;0;0;0
"CCOC";5;2;5;3;0;0;1;5;3;1;0
"CCOL";4;1;0;0;0;0;0;0;0;0;0
"CCOS";5;1;0;0;0;0;0;0;0;0;0
"CCRA";4;1;0;0;1;3;0;0;0;0;0
"CCRT";4;3;0;0;0;0;0;0;0;0;0
"CCRU";4,9;3;0;0;0;0;0;0;0;0;0
"CCRY";2;1;3;1;0;0;0;0;0;0;1
"CCSI";2;3;0;0;0;0;0;0;0;0;0
"CCTC";4;3;0;0;0;0;0;0;0;0;0
"CCTL";2;1;0;0;0;0;0;0;0;0;0
"CCTY";4;3;0;0;0;0;0;0;0;0;0
"CCUD";4;3;0;0;0;0;0;0;0;0;0
"CCUH";2,6;3;0;0;0;0;0;0;4;1;0
"CCUN";4;3;0;0;0;0;0;0;2;1;0
"CCUS";5;2;0;0;0;0;1,1;4;4;1;0
"CCYM";4;3;0;0;0;0;1;5;1;1;0
"CDAL";2;3;0;0;0;0;0;0;0;0;0
"CDDI";5;1;0;0;0,5;3;0;0;2;2;0
"CDEL";5;1;0;0;0;0;1;5;1;3;0
"CDIM";5;1;0;0;0,1;1;0;0;2;2;0
"CDIS";5;2;0;0;0;0;0;0;3;2;0
"CDMI";5;1;0;0;0,5;3;0;0;2;2;0
"CDNO";4;2;0;0;0;0;0;0;2;1;0
"CDTG";4;2;0;0;0;0;0;0;0;0;0
"CDUB";3;2;0;0;2,2;2;0;0;0;0;0
"CEHR";4,8;3;0;0;1,5;3;1,1;4;2;1;0
"CELL";5;2;5;3;1,7;2;1,4;3;4;1;0
"CEPR";4;1;0;0;0;0;0;0;0;0;0
"CETG";1;3;0;0;0;0;0;0;0;0;0
"CEUG";3,6;1;0;0;0;0;0;0;4;2;2
"CFFO";4;2;5;3;0;0;0;0;3;1;0
"CFLZ";5;3;0;0;0,6;2;0;0;2;1;0
"CGAM";3,5;1;0;0;2,6;3;0;0;0;0;0
"CGAS";4;3;0;0;0;0;0;0;1;2;0
"CGLC";5;3;0;0;0,6;0;0;0;2;1;0
"CGLO";5;1;0;0;0;0;0;0;0;0;1
"CGMN";4;2;0;0;0;0;1,6;2;4;2;0
"CGRA";5;2;5;3;0,3;4;1;5;2;1;0
"CHAK";2;2;0;0;0;0;0;0;0;0;0
"CHAL";2;3;0;0;3;3;3;3;4;1;0
"CHCO";5;3;0;0;0,6;2;1,8;3;2;1;0
"CHEL";5;3;0;0;0,6;2;1,8;3;2;1;0
"CHEV";4,6;1;0;0;0;0;1;5;5;1;0
"CHGB";4;3;0;0;0;0;0;0;2;1;0
"CHHA";5;1;0;0;0;0;0;0;1;1;0
"CHIB";5;3;0;0;0,1;5;0;0;0;0;0
"CHMC";4;3;0;0;0;0;0;0;5;1;0
"CHME";4;2;0;0;0;0;1;5;1;1;3
"CHMJ";5;3;0;0;0,6;2;1,8;3;2;1;0
"CHMU";2;3;0;0;0;0;0;0;0;0;0
"CHSH";5;1;0;0;0;0;1;5;1;1;0
"CHSM";4;3;0;0;0;0;0;0;5;1;0
"CHSO";4;3;0;0;0;0;1;5;1;1;0
"CHST";5;2;0;0;0;0;0;0;4;1;0
"CHUS";5;2;0;0;0;0;0;0;4;1;0
"CHVN";4,6;1;0;0;0;0;1;5;5;1;0
"CINQ";4,8;3;0;0;0;0;1,1;4;2;1;0
"CINV";2,6;1;0;0;0;0;0;0;0;0;0
"CIQL";4,8;3;0;0;1,5;3;1,1;4;2;1;0
"CJVK";5;3;0;0;0,6;2;0;0;2;1;0
"CKOL";5;2;0;0;0;0;0;0;4;1;0
"CKRA";4;2;0;0;0;0;0;0;0;0;0
"CKRM";3;1;0;0;1,5;3;0;0;0;0;0
"CKST";5;2;0;0;0;0;0;0;0;0;0
"CKUT";3;1;0;0;1,5;3;0;0;0;0;0
"CLAN";4;2;5;3;1,5;3;1,6;4;2;2;0
"CLCX";5;3;0;0;0,6;2;0;0;2;1;0
"CLDS";5;3;0;0;0;0;0;0;2;3;0
"CLEP";5;3;0;0;0;0;1,3;4;2;1;0
"CLEV";2;3;0;0;0;0;0;0;0;0;0
"CLGT";4;2;5;3;0;0;0;0;3;1;0
"CLIB";4;2;4;2;2,3;2;2,1;3;4;1;0
"CLIM";5;3;0;0;0,9;2;0;0;3;1;0
"CLLT";5;3;0;0;0;0;0;0;3;1;0
"CLNT";4;1;0;0;1,4;3;0;0;3;2;2
"CMCL";4;3;0;0;0;0;0;0;2;1;0
"CMED";2;1;0;0;0;0;0;0;0;0;0
"CMEN";2;1;3;1;2,6;3;0;0;4;1;1
"CMES";5;3;0;0;0;0;1;5;2;1;2
"CMIC";4;2;0;0;0,9;4;1,2;4;1;2;2
"CMIN";4;2;4;2;1,2;1;1,6;2;4;2;2
"CMLF";2;1;0;0;2,5;3;3,1;2;4;1;0
"CMNO";2;2;0;0;0;0;3;2;4;1;0
"CMOL";4;3;0;0;0;0;1;5;3;1;1
"CMTG";1;3;3;1;2,6;3;0;0;0;0;1
"CNAV";3,8;3;5;3;0,8;3;1,3;3;2;1;0
"CNCI";4;3;0;0;0;0;0;0;0;0;0
"CNCT";1;3;0;0;0;0;0;0;0;0;0
"CNDI";5;1;0;0;0,1;1;0;0;2;2;0
"CNGN";4;3;0;0;0;0;0;0;0;0;0
"CNHI";5;3;0;0;0,1;5;0;0;0;0;0
"CNLC";4;2;5;3;1,5;3;1,6;4;2;2;0
"CNLP";4;2;0;0;0;0;0;0;0;0;0
"CNLT";1;3;0;0;0;0;0;0;0;0;0
"CNTH";3;1;0;0;0;0;1,5;3;3;2;0
"COCE";3;1;0;0;1,2;1;0;0;0;0;0
"COHU";4,8;1;0;0;0;0;1;5;2;2;2
"COIR";2;3;0;0;0;0;0;0;0;0;0
"COKE";4,5;1;0;0;0;0;0;0;2;2;0
"COLA";3;3;0;0;0;0;0;0;0;0;0
"COLI";4;1;0;0;0;0;0;0;0;0;0
"COPL";5;1;0;0;0;0;0;0;3;2;0
"COPS";4;1;0;0;0;0;1;5;3;2;0
"COPU";5;3;0;0;0;0;0;0;4;1;0
"COTH";3;1;0;0;0;0;0;0;3;2;0
"CPAB";1;3;4;3;1,7;1;0;0;0;0;2
"CPAR";5;3;0;0;1,2;2;0;0;2;1;0
"CPAW";4;3;5;2;0;0;0;0;3;1;0
"CPDF";1;3;0;0;0;0;0;0;0;0;0
"CPEA";1;3;0;0;0;0;0;0;0;0;2
"CPED";4;2;4;3;1,7;2;2;3;4;2;2
"CPER";5;2;0;0;0;0;1;5;2;1;0
"CPIS";5;2;0;0;0;0;0;0;1;1;0
"CPLA";4;1;4;2;1;1;1,8;2;3;2;2
"CPLE";3,6;1;0;0;0;0;0;0;4;2;2
"CPLI";4;1;0;0;1,4;3;0;0;3;2;2
"CPLM";1;3;0;0;1,4;3;0;0;0;0;2
"CPLT";5;2;0;0;0;0;0;0;0;0;0
"CPOL";4;2;0;0;0;0;0;0;0;0;0
"CPPL";5;1;0;0;0;0;0;0;3;2;0
"CPRO";4;3;5;2;1,7;1;1,8;3;2;1;0
"CPRX";3,5;3;0;0;0;0;1,1;5;2;1;0
"CPST";4;1;0;0;2,1;2;0;0;4;1;1
"CPTG";1;3;4;2;4;4;0;0;0;0;0
"CRAC";1;3;1;3;3,3;4;3,5;2;5;1;1
"CRAD";4;1;0;0;1;1;0;0;0;0;0
"CRCI";3;1;0;0;0;0;2,3;3;4;1;0
"CRCU";2,6;3;3;2;2,5;2;2,7;3;4;1;1
"CREI";4,5;1;0;0;0;0;1,5;4;4;1;0
"CRIG";5;3;0;0;0,6;2;0;0;2;1;0
"CRNO";2;2;0;0;0;0;0;0;0;0;0
"CROS";4;1;0;0;0;0;0;0;0;0;0
"CRSU";2;2;0;0;0;0;0;0;0;0;0
"CSAE";4,6;2;0;0;0;0;1;5;4;1;0
"CSAP";4;2;0;0;2,5;3;0;0;4;1;0
"CSAQ";4,6;2;0;0;0;0;1;5;4;1;0
"CSBM";2;2;0;0;0;0;0;0;5;1;0
"CSCI";4,5;2;0;0;0;0;0;0;4;2;0
"CSCM";3;1;0;0;0;0;0;0;0;0;0
"CSCU";2;3;0;0;0;0;0;0;2;2;0
"CSHU";5;3;0;0;1,3;1;1,2;4;3;1;0
"CSIL";4,5;1;5;3;1,3;1;1,2;4;2;1;0
"CSIN";4,8;1;0;0;1,5;3;2;2;3;3;2
"CSLE";5;2;0;0;0;0;2;1;3;2;2
"CSMU";4;3;0;0;0;0;0;0;4;1;0
"CSOL";4;2;4;2;2,3;2;2,1;3;4;1;0
"CSOR";2;3;0;0;0;0;0;0;2;2;0
"CSOT";1;3;4;2;2,3;2;0;0;0;0;0
"CSTE";4,2;1;0;0;1,6;3;0;0;0;0;0
"CSTO";4;1;0;0;0;0;0;0;0;0;0
"CSTR";2;3;0;0;0;0;0;0;0;0;0
"CSUB";5;2;0;0;0;0;0;0;2;1;0
"CTBE";4;2;0;0;0;0;0;0;2;1;0
"CTBT";1;3;0;0;0;0;0;0;0;0;0
"CTEC";4;2;0;0;0;0;0;0;0;0;0
"CTGL";4;2;0;0;0;0;0;0;3;1;2
"CTHM";2;3;0;0;0;0;1;5;0;0;0
"CTHO";2;1;0;0;0;0;0;0;0;0;0
"CTIB";3;1;0;0;1,2;1;0;0;0;0;0
"CTMD";4;2;0;0;1,1;2;1;5;2;1;0
"CTPU";3;3;3;2;2,4;2;2,8;4;3;1;0
"CTRG";3;3;0;0;0;0;1,1;4;2;1;0
"CTRO";4;2;0;0;0;0;0;0;0;0;0
"CTUM";3;3;4;3;2,2;2;1,6;4;4;2;2
"CTUT";1;3;4;3;2,2;2;0;0;0;0;2
"CTWE";2;2;0;0;2,2;4;0;0;0;0;0
"CUTE";4,5;1;0;0;0;0;0;0;4;1;2
"CVEN";4;1;4;2;1,2;1;1,6;2;2;1;2
"CVMN";4;2;0;0;0;0;1,6;2;4;2;0
"CVUL";4;2;0;0;0;0;0;0;0;0;0
"CVVA";5;2;0;0;0;0;1;5;3;1;0
"CWOL";4;1;0;0;0;0;0;0;0;0;1
"CWUE";5;1;0;0;0;0;0;0;0;0;0
"CYAS";2;2;0;0;1,5;3;0;0;0;0;0
"CYLA";4;2;0;0;2,5;3;0;0;4;1;0
"CYOB";5;2;0;0;0,7;4;0;0;1;1;0
"CYTG";1;3;0;0;0;0;0;0;0;0;0
"DANC";5;3;0;0;0,6;3;1;5;2;1;0
"DBIC";4;1;5;3;0;0;0;0;5;1;2
"DCBI";4;1;5;3;0;0;0;0;5;1;2
"DCNI";1;3;0;0;1,8;1;0;0;5;1;1
"DCOF";1;3;0;0;1,8;1;0;0;5;1;1
"DCOT";4;1;5;3;0;0;1,4;3;3;1;0
"DCTG";1;3;0;0;1,8;1;0;0;0;0;1
"DDEL";5;1;0;0;0;0;1;5;1;3;0
"DDID";2;3;0;0;0;0;0;0;0;0;0
"DEFO";1;3;0;0;0;0;0;0;0;0;0
"DEHR";4;3;5;2;0,7;2;1,3;3;2;1;0
"DEHT";1;3;0;0;0;0;0;0;0;0;0
"DELL";5;2;0;0;1,1;3;1,1;4;3;1;0
"DELO";3;2;0;0;1,5;3;1,3;4;2;2;0
"DGAL";5;1;0;0;0;0;0;0;5;1;0
"DGLO";5;1;0;0;0;0;0;0;0;0;1
"DGPE";5;1;0;0;0,1;5;1,2;4;2;1;0
"DHIE";5;3;0;0;0,1;5;1;5;2;1;2
"DHME";5;3;5;3;0,2;4;1,3;4;1;2;2
"DHQU";5;3;5;3;0,2;4;0;0;1;2;2
"DITE";3;1;0;0;1,5;3;1,3;4;2;2;0
"DKUE";4;2;0;0;1,5;3;1;5;4;2;0
"DMAR";5;2;0;0;0;0;0;0;3;1;0
"DMES";5;3;5;3;0,2;4;1,3;4;1;2;2
"DMIN";5;3;0;0;1,5;3;0;0;1;1;0
"DMOF";4;2;0;0;1,5;1;2,2;4;1;1;0
"DMON";4;2;0;0;1,5;1;2,2;4;1;1;0
"DMOT";1;3;0;0;1,5;1;0;0;0;0;0
"DOBL";4;2;0;0;1,2;3;1;5;3;1;0
"DOCU";4;1;0;0;1,5;3;1,2;4;1;1;0
"DOOB";4;2;5;3;1,2;3;1;5;3;1;0
"DOVA";4;2;5;3;0;0;1;5;3;1;0
"DPAR";5;3;0;0;0;0;0;0;4;1;0
"DPAV";5;2;0;0;0;0;0;0;0;0;0
"DPER";5;1;0;0;0,1;5;1,2;4;2;1;0
"DPET";5;2;0;0;0;0;1,1;4;1;1;0
"DPRO";4;2;0;0;0;0;0;0;2;1;0
"DPSO";5;2;0;0;0;0;0;0;1;1;0
"DPST";4;1;0;0;2,1;2;0;0;4;1;1
"DPTT";1;3;0;0;2,1;2;0;0;0;0;1
"DPUE";5;3;0;0;0;0;0;0;1;1;0
"DRAI";2;2;0;0;0;0;0;0;0;0;0
"DSTE";4,2;1;0;0;1,6;3;0;0;0;0;0
"DSTO";4;1;0;0;0;0;0;0;0;0;0
"DSUB";2;2;0;0;0;0;0;0;0;0;0
"DSUR";2;3;0;0;0;0;0;0;0;0;0
"DTCR";5;1;5;3;0,3;4;1,3;4;1;2;0
"DTEL";3;2;0;0;1,5;3;1,3;4;2;2;0
"DTEN";5;1;5;3;0,3;4;1,3;4;1;2;0
"DTMO";4;2;0;0;1,5;1;2,2;4;1;1;0
"DVGR";4;3;5;2;0,7;2;1,3;3;2;1;0
"DVUE";4;3;5;2;0,7;2;0;0;2;1;0
"DVUL";4;1;5;2;2,2;2;2,1;4;4;3;2
"DVUT";1;3;5;2;2,2;2;0;0;0;0;2
"DWOL";4;1;0;0;0;0;0;0;0;0;1
"EADN";4;3;0;0;0;0;1,2;4;2;2;0
"EAGO";5;3;0;0;0;0;0;0;1;2;0
"EAIN";5;3;0;0;1;1;0;0;1;2;0
"EALA";2;3;0;0;0;0;0;0;0;0;0
"EALP";5;2;0;0;0,7;2;0;0;1;3;0
"EAPR";4;1;0;0;0;0;0;0;1;2;0
"EAQL";4,6;2;0;0;0,7;4;0;0;1;1;0
"EARA";1;3;0;0;0,7;2;0;0;0;0;0
"EARC";5;3;0;0;0,7;2;1;5;1;3;0
"EARD";5;3;0;0;0,7;2;1;5;1;3;0
"EARE";5;1;0;0;0,1;5;0;0;5;2;0
"EARG";5;3;0;0;1;4;0;0;1;2;0
"EARL";4,8;2;0;0;0;0;0;0;1;3;0
"EAUN";5;3;0;0;0;0;0;0;1;3;0
"EBIL";5;2;5;3;0,5;2;1,7;2;3;3;0
"EBIT";1;3;0;0;0;0;0;0;0;0;0
"EBLU";5;2;5;3;0,5;2;1,7;2;3;3;0
"EBMT";1;3;0;0;0;0;0;0;0;0;0
"EBMU";5;2;0;0;0;0;0;0;1;3;0
"EBOT";5;1;0;0;0;0;0;0;1;3;0
"ECAB";1;3;0;0;0;0;0;0;0;0;0
"ECAE";4;2;0;0;0;0;1,6;2;3;1;0
"ECBE";5;2;5;3;0,5;2;0;0;3;3;0
"ECES";5;2;0;0;0,1;5;1;5;1;1;0
"ECET";1;3;0;0;0,1;5;0;0;0;0;0
"ECKR";5;2;0;0;0;0;0;0;0;0;0
"ECMT";1;3;0;0;0,9;4;0;0;0;0;0
"ECPM";4;2;0;0;0;0;0;0;0;0;0
"ECSA";0;0;0;0;0;0;0;0;1;3;0
"ECSU";5;2;5;3;0;0;0;0;1;3;0
"ECTT";1;3;0;0;0;0;0;0;0;0;0
"EDIO";5;3;5;3;0,2;4;1;5;1;3;0
"EDPI";5;1;0;0;0;0;0;0;1;3;0
"EETE";5;1;5;3;0,5;3;1;5;2;3;0
"EEUR";5;2;5;3;0;0;0;0;1;3;0
"EEXG";5;2;0;0;0;0;0;0;1;3;0
"EEXI";5;2;5;3;0,4;3;1,1;4;1;3;0
"EEXT";1;3;5;3;0,4;3;0;0;0;0;0
"EFAB";5;3;0;0;0;0;0;0;1;3;0
"EFAE";5;1;0;0;0,5;3;0;0;1;3;0
"EFAL";4;2;0;0;0;0;1;5;1;3;0
"EFAP";5;1;0;0;0;0;0;0;1;3;0
"EFBI";5;2;5;3;0,8;3;0;0;1;3;0
"EFEU";5;2;5;3;0,8;3;0;0;1;3;0
"EFLE";5;2;5;3;0,8;3;1;5;1;3;0
"EFOR";5;1;0;0;0;0;0;0;2;3;0
"EFPI";5;1;0;0;0;0;0;0;1;3;0
"EGLA";4;2;0;0;0,6;3;1;5;1;3;0
"EGOE";5;3;0;0;0;0;0;0;1;2;0
"EGRA";4;2;0;0;0,6;3;0;0;1;3;0
"EIMI";5;1;0;0;0,5;3;0;0;1;3;0
"EIMP";5;2;0;0;0;0;1;5;1;3;0
"EINC";5;1;0;0;0,5;3;1;5;2;3;0
"EINT";5;3;0;0;0;0;0;0;1;2;0
"EISL";5;3;5;3;0,2;4;1;5;1;3;0
"EITG";1;3;0;0;0,5;3;0;0;0;0;0
"EKOC";5;3;0;0;0;0;0;0;1;3;0
"ELSA";5;2;0;0;0;0;0;0;1;3;0
"ELUN";5;2;5;3;0,5;2;1,7;2;3;3;0
"EMEI";5;3;0;0;0;0;0;0;1;3;0
"EMES";5;2;5;3;0,8;3;0;0;1;3;0
"EMIN";4,6;1;5;2;0,5;3;1,5;2;4;3;3
"EMUA";1;3;0;0;0;0;0;0;0;0;0
"EMUC";5;2;0;0;0;0;0;0;1;3;0
"EMUD";0;0;0;0;0;0;0;0;5;1;0
"EMUE";5;3;0;0;0;0;0;0;1;2;0
"ENAE";5;2;0;0;0,7;2;0;0;1;3;0
"ENCM";4;2;0;0;0,9;4;1,2;4;1;2;2
"ENCT";1;3;0;0;0;0;0;0;0;0;0
"ENDO";4;2;0;0;0;0;0;0;1;3;0
"ENEO";5;2;5;3;0,5;2;0;0;3;3;0
"ENGR";5;2;5;3;0,3;4;0;0;2;1;0
"ENLB";4;1;0;0;0;0;0;0;2;1;0
"ENLE";5;2;0;0;0;0;0;0;0;0;0
"ENME";5;3;0;0;0;0;1;5;2;1;2
"ENMI";4;2;4;2;1,2;1;1,6;2;4;2;2
"ENMT";1;3;4;2;1,2;1;0;0;0;0;2
"ENNG";5;2;5;3;0,3;4;1;5;2;1;0
"ENPE";5;2;0;0;0;0;1;5;2;1;0
"ENRE";4,5;1;0;0;0;0;1,5;4;4;1;0
"ENTR";3;3;0;0;0;0;0;0;2;1;0
"ENVE";4;1;0;0;1,2;1;1,6;2;2;1;0
"EOCE";5;3;0;0;1;4;0;0;1;2;0
"EOCO";1,5;1;0;0;0;0;0;0;5;1;0
"EOMI";2,2;1;0;0;1,8;3;2,6;1;3;1;1
"EOMT";1;3;0;0;1,8;1;2,6;1;0;0;0
"EORH";3,5;1;0;0;0;0;0;0;0;0;0
"EORU";5;1;0;0;0;0;0;0;0;0;0
"EOVE";5;1;0;0;0;0;0;0;0;0;0
"EPAL";2;2;0;0;0;0;0;0;0;0;0
"EPCU";5;1;0;0;0;0;0;0;1;3;0
"EPEC";5;2;5;3;0,2;4;1;5;1;3;0
"EPIL";5;1;0;0;0;0;0;0;1;3;0
"EPLU";5;2;5;3;0,5;2;1,7;2;3;3;0
"EPMI";4,6;1;5;2;0,5;3;1,5;2;4;3;2
"EPMP";5;2;0;0;0,5;3;1;5;1;3;0
"EPMT";4;1;0;0;0;0;0;0;1;3;0
"EPRA";5;1;0;0;0,4;3;1;5;2;3;0
"EPRO";4;3;5;2;1,7;1;1,8;3;2;1;0
"EPSF";5;2;5;3;0,8;3;0;0;1;3;0
"EPSU";2;3;0;0;0;0;0;0;0;0;0
"EPSV";5;1;0;0;0;0;0;0;1;3;0
"EPTE";1;3;0;0;0,4;3;0;0;0;0;0
"EPTY";4;3;0;0;0;0;0;0;2;2;0
"EPUN";4;2;0;0;0,2;4;0;0;1;3;0
"EPVE";4;2;0;0;0;0;0;0;1;3;0
"EPVT";4;2;0;0;0;0;0;0;1;3;0
"ERHO";5;1;0;0;0,5;3;1;5;1;3;0
"EROS";5;2;0;0;0;0;0;0;1;2;0
"ERTD";2;2;0;0;0;0;0;0;5;1;0
"ERTT";5;1;0;0;0;0;0;0;0;0;0
"ESAB";1;3;0;0;0;0;0;0;0;0;2
"ESBA";5;2;0;0;0;0;0;0;2;1;0
"ESBM";2;1;0;0;3;3;3,4;2;5;1;1
"ESBT";1;3;0;0;3;3;0;0;0;0;1
"ESLE";5;2;0;0;0;0;2;1;3;2;2
"ESMU";2,9;1;0;0;0;0;0;0;5;1;0
"ESOL";5;3;0;0;0;0;0;0;1;3;0
"ESOR";4;2;0;0;1,4;3;1,4;3;3;2;0
"ESOT";1;3;0;0;0;0;0;0;1;3;0
"ESUB";5;2;0;0;0;0;0;0;2;3;0
"ESUD";5;3;0;0;0,3;4;0;0;1;3;0
"ESUM";5;1;0;0;0;0;0;0;0;0;0
"ESVE";5;2;0;0;0;0;0;0;0;0;0
"ESXT";1;3;0;0;1,4;1;0;0;0;0;0
"ETCP";5;1;0;0;0;0;0;0;1;3;0
"ETEN";5;1;5;3;0,5;3;1;5;2;3;0
"ETUR";5;2;0;0;1,4;3;0;0;1;2;0
"EUAU";5;3;0;0;0;0;0;0;3;1;0
"EUCN";5;3;0;0;0;0;0;0;1;3;0
"EUFL";5;3;0;0;0,1;5;1;5;2;1;0
"EUIN";4;1;0;0;0;0;0;0;1;3;0
"EULA";5;2;0;0;0;0;1,3;3;2;1;2
"EUPA";5;1;0;0;0;0;0;0;1;3;0
"EUTE";2,3;1;0;0;0;0;1,4;4;4;1;0
"EVAL";4;2;0;0;0,5;3;1;5;1;3;0
"EVCF";5;1;0;0;0;0;0;0;0;0;0
"EVEN";5;2;5;3;0,5;3;1;5;1;3;0
"EVHI";4;1;0;0;0;0;0;0;1;3;0
"EVHK";5;3;0;0;0;0;0;0;1;3;0
"EVMN";4;2;4;2;1,2;1;1,6;2;4;2;2
"EZEB";4;3;0;0;0;0;1,2;4;2;2;0
"EZPR";4;1;0;0;0;0;0;0;2;2;0
"FAAM";5;2;4;3;0,6;3;0;0;1;3;2
"FACD";5;1;0;0;0;0;0;0;0;0;0
"FACT";1;3;0;0;0;0;0;0;0;0;0
"FAPH";4;1;0;0;0;0;1;5;1;1;0
"FAPO";4;1;0;0;0;0;1;5;1;1;0
"FAPP";5;2;5;3;0;0;1,2;4;1;2;0
"FARC";5;2;4;3;0,3;4;1,5;2;1;3;2
"FART";1;3;4;3;0,3;4;0;0;0;0;2
"FAUR";3;2;0;0;0;0;1;5;4;1;0
"FAUT";5;1;0;0;0,3;4;1;5;4;1;2
"FBCP";3;1;0;0;1,9;5;0;0;3;1;1
"FBCT";1;3;0;0;1,9;1;0;0;0;0;0
"FBER";3;1;0;0;2,1;3;0;0;4;1;0
"FBIC";5;2;0;0;1,1;3;1,6;3;2;1;0
"FBID";5;1;5;2;0;0;0;0;4;1;0
"FBND";4;1;4;2;0;0;0;0;4;1;0
"FBRE";3;1;0;0;0;0;1,3;4;4;2;0
"FBTE";1;3;0;0;0;0;0;0;0;0;0
"FBTG";1;3;5;2;0;0;0;0;0;0;0
"FBTU";3;1;0;0;0;0;0;0;2;2;0
"FBVT";3;1;0;0;0;0;0;0;2;2;0
"FCAA";4;1;0;0;0;0;0;0;1;1;0
"FCAH";4;1;0;0;0;0;1;5;1;1;0
"FCAP";4,5;1;5;2;1,5;3;0;0;1;2;0
"FCAT";1;3;0;0;0;0;0;0;0;0;0
"FCAU";5;1;0;0;0,3;4;1;5;4;1;2
"FCBI";4;1;4;2;0;0;0;0;4;1;0
"FCBT";1;3;4;2;0;0;0;0;0;0;0
"FCCP";4;1;4;1;1,5;1;0;0;2;2;2
"FCCT";1;3;0;0;0;0;0;0;0;0;2
"FCDI";4,8;2;0;0;0;0;0;0;3;1;0
"FCDT";1;3;0;0;0;0;0;0;0;0;0
"FCGR";4,8;1;0;0;0;0;1,3;4;0;0;0
"FCGT";1;3;0;0;0;0;0;0;0;0;0
"FCLA";4,5;1;5;2;1,5;1;0;0;1;2;2
"FCME";4,5;1;5;2;0;0;1,5;3;3;2;0
"FCON";4;1;4;2;1,1;3;1,4;3;4;1;0
"FCOP";4;1;0;0;0;0;0;0;4;1;1
"FCOS";3;1;0;0;0;0;0;0;4;1;0
"FCOT";1;3;4;2;1,1;1;0;0;0;0;0
"FCPE";4;1;0;0;0;0;1,5;3;3;1;0
"FCPI";4;3;0;0;1,5;3;0;0;4;1;0
"FCPL";4;1;4;1;1,5;1;0;0;2;2;2
"FCPR";4;1;0;0;0;0;1,4;3;0;0;0
"FCPU";3,8;1;0;0;0;0;0;0;2;1;0
"FCRA";4;1;0;0;0;0;0;0;2;1;0
"FCRE";2,9;2;0;0;0;0;0;0;1;2;0
"FCRO";4;1;0;0;1,4;2;1,4;3;0;0;0
"FCRP";4;1;5;2;1,5;1;1,6;3;2;1;0
"FCRS";5;2;0;0;0;0;1;5;1;2;0
"FCRT";1;3;0;0;1,4;1;0;0;0;0;0
"FCRU";4;1;5;2;1,5;1;1,6;3;2;2;2
"FCRY";2;3;0;0;0;0;0;0;4;1;0
"FCSS";3;1;0;0;0;0;0;0;4;1;0
"FCSU";2;2;0;0;0;0;0;0;2;1;0
"FCVA";3,4;1;4;1;1,7;1;2,5;2;4;2;2
"FCVE";4;1;0;0;0;0;0;0;4;1;1
"FCVT";1;3;0;0;0;0;0;0;0;0;0
"FDAN";4;1;0;0;1,7;4;0;0;3;1;0
"FDAT";1;3;0;0;1,7;1;0;0;0;0;0
"FDEA";4;1;0;0;0;0;0;0;1;1;0
"FDEL";4;1;0;0;0;0;1;5;4;1;0
"FDET";1;3;0;0;0;0;0;0;0;0;0
"FDIL";4;3;0;0;1,5;3;0;0;4;1;0
"FDOR";3;2;0;0;0;0;0;0;0;0;0
"FDOT";1;3;0;0;0;0;0;0;0;0;0
"FDST";4,8;2;0;0;0;0;0;0;3;1;0
"FELL";3;1;0;0;0;0;1,4;3;4;1;0
"FERI";5;2;0;0;0;0;0;0;1;2;0
"FEXG";5;2;0;0;0;0;1;5;3;1;0
"FEXI";5;2;0;0;0;0;1;5;3;1;0
"FFAM";4;1;0;0;0;0;0;0;4;1;0
"FFAS";2;3;0;0;2,4;2;2,5;3;4;2;0
"FFAT";1;3;0;0;2,4;2;0;0;0;0;0
"FFBI";5;2;0;0;1,1;3;0;0;2;1;0
"FFNI";5;2;0;0;0;0;0;0;2;1;0
"FFTU";3;2;0;0;0;0;2,2;4;4;1;0
"FFVI";5;2;5;3;0,2;4;0;0;3;1;0
"FGOT";1;3;0;0;0;0;0;0;0;0;0
"FGOU";4;2;0;0;0;0;0;0;0;0;0
"FGRA";4,8;1;0;0;0;0;1,3;4;0;0;0
"FGRL";5;1;0;0;0,3;4;0;0;4;1;2
"FGRT";1;3;0;0;0;0;0;0;0;0;0
"FHAR";4;1;0;0;1,5;3;0;0;4;1;0
"FHAW";2,9;2;0;0;0;0;0;0;1;2;0
"FHDU";4;1;0;0;0;0;0;0;4;1;0
"FHEL";5;1;0;0;0;0;0;0;4;1;0
"FIDI";4,8;2;0;0;0;0;0;0;2;1;0
"FIFA";3,4;1;0;0;0;0;0;0;0;0;0
"FIND";3;1;0;0;0;0;0;0;4;1;0
"FINS";3;2;0;0;0;0;0;0;4;1;0
"FLAP";5;2;0;0;0;0;0;0;2;1;0
"FLDU";4;1;0;0;0;0;0;0;4;1;0
"FLEN";4;1;0;0;0;0;1,1;4;4;1;0
"FLEP";4;1;0;0;1,5;3;0;0;4;2;0
"FLMA";4;1;0;0;1,5;3;0;0;5;2;0
"FLNZ";4;1;0;0;0;0;0;0;4;1;0
"FMAR";4;1;0;0;1,5;3;0;0;5;2;0
"FMAT";1;3;0;0;1,5;1;0;0;0;0;0
"FMES";4,5;1;5;2;0;0;1,5;3;3;2;0
"FMIN";5;2;0;0;1,4;3;0;0;2;1;0
"FMIT";4;1;0;0;0;0;0;0;4;1;0
"FMOC";3;2;0;0;0;0;2,2;4;4;1;0
"FMUD";4;1;0;0;0;0;0;0;5;1;0
"FNAN";5;2;0;0;0;0;1,1;4;4;1;0
"FNIT";5;2;0;0;0;0;0;0;2;1;0
"FNTG";1;3;0;0;0;0;0;0;0;0;0
"FODB";4,5;2;0;0;0;0;0;0;2;1;0
"FOLD";4,5;2;0;0;0;0;0;0;2;1;0
"FPAR";4;1;0;0;2,4;3;2,2;3;3;1;0
"FPEL";3;1;0;0;2,5;1;0;0;5;1;1
"FPEM";4;1;0;0;0;0;1,5;3;3;1;0
"FPFO";2;2;0;0;0;0;0;0;4;1;0
"FPIN";4;1;5;3;1,4;3;1,4;3;4;1;1
"FPLA";4,5;2;0;0;0;0;1,4;3;4;1;1
"FPLV";4;1;5;2;1,5;1;0;0;2;1;0
"FPRO";5;1;5;3;0;0;0;0;2;1;0
"FPSC";4;1;0;0;0;0;0;0;4;1;0
"FPSG";3;1;0;0;1,9;1;0;0;3;1;1
"FPSU";4;1;0;0;1,5;3;0;0;5;2;0
"FPTE";1;3;0;0;0;0;0;0;0;0;0
"FPUL";3;3;3;2;2,4;2;2,8;4;3;1;0
"FPUT";1;3;3;2;2,4;2;0;0;0;0;0
"FPYG";2;3;0;0;2,7;4;2,6;3;3;1;0
"FRAD";4;1;0;0;0;0;0;0;2;1;0
"FRAM";5;2;5;3;0;0;1,2;4;1;2;0
"FRCP";4;1;4;1;1,5;1;0;0;2;2;2
"FRCR";5;2;0;0;0;0;1;5;1;2;0
"FRDS";4;1;0;0;0;0;0;0;2;1;0
"FRHO";5;2;0;0;0,4;3;1;5;1;2;0
"FRSA";5;3;5;3;0;0;1;5;1;2;0
"FRUM";4;1;5;2;1,5;1;1,6;3;2;1;0
"FRUT";1;3;5;2;1,5;1;0;0;1;2;0
"FRVI";5;2;0;0;0;0;0;0;1;2;0
"FSAP";2;1;0;0;0;0;3,5;2;4;1;1
"FSAX";5;3;5;3;0;0;1;5;1;2;0
"FSBH";4;1;5;3;1,5;1;1,9;3;4;1;0
"FSLU";3;1;0;0;0;0;1,9;4;5;1;0
"FSMI";5;1;0;0;0;0;0;0;4;1;0
"FSPS";5;2;0;0;0;0;0;0;4;1;0
"FSSA";2;2;0;0;0;0;2,6;3;2;1;0
"FTAB";2;3;0;0;2,4;2;1;5;5;2;0
"FTEN";4;2;0;0;0;0;1;5;1;1;0
"FTET";1;3;0;0;0;0;0;0;0;0;0
"FTNR";3;2;0;0;0;0;1;5;4;1;0
"FTNS";5;2;5;2;0;0;1,5;3;2;2;0
"FUAC";4;1;0;0;1,8;3;0;0;3;1;2
"FUAG";1;3;0;0;1,5;1;0;0;0;0;0
"FUAN";4;1;0;0;1,5;3;0;0;1;1;0
"FUAT";1;3;0;0;1,8;3;0;0;0;0;0
"FUBI";3;1;0;0;1,9;1;0;0;3;1;0
"FUDA";4;1;0;0;1,7;1;0;0;3;1;0
"FULN";3;1;2;1;1,9;1;2,7;1;2;1;0
"FULT";1;3;0;0;0;0;0;0;0;0;0
"FUNG";3;2;0;0;0;0;0;0;0;0;0
"FUOX";3;1;2;1;0;0;0;0;3;1;2
"FUUN";3;2;0;0;0;0;0;0;0;0;0
"FVAU";3,4;1;4;1;1,7;1;2,5;2;4;2;2
"FVDI";4,8;2;0;0;0;0;0;0;3;1;0
"FVEX";5;2;0;0;0;0;0;0;3;1;0
"FVFA";3,4;1;0;0;0;0;0;0;0;0;0
"FVIR";5;2;5;3;0,2;4;1,2;4;3;1;0
"FVIT";1;3;5;3;0,2;4;0;0;0;0;0
"FVRD";5;2;0;0;0;0;0;0;1;2;0
"FVUL";4;3;4;2;1,7;1;2;3;2;2;0
"FVUT";1;3;4;2;1,7;1;0;0;0;0;0
"FWEI";4;3;0;0;0;0;0;0;1;2;0
"GACC";4,5;1;0;0;0;0;0;0;2;1;0
"GACO";4;2;4;2;2,2;4;0;0;3;1;0
"GACU";4;2;4;2;1,7;4;1,5;2;3;1;0
"GADC";4,2;1;0;0;1,1;2;1,2;4;0;0;0
"GAFF";4;3;0;0;1,1;2;0;0;2;1;0
"GAFT";1;3;0;0;1,1;1;0;0;0;0;0
"GAGN";4;3;0;0;0;0;0;0;0;0;0
"GANG";3;1;4;2;0,9;3;0;0;4;2;0
"GANT";5;1;4;2;0,8;3;1,6;3;3;1;2
"GAPI";3;3;0;0;1,7;1;2,1;3;4;1;0
"GAPR";3,8;2;4;2;2,6;3;1,2;4;1;2;0
"GASA";3,2;2;0;0;0;0;0;0;1;2;0
"GAUG";3;3;0;0;1,7;4;2,1;3;4;1;0
"GBAV";5;1;0;0;0;0;1,1;5;0;0;0
"GBBT";1;3;0;0;0;0;0;0;0;0;0
"GBIP";4;2;0;0;0;0;0;0;3;1;0
"GBOB";3,8;2;4;2;0;0;0;0;0;0;2
"GBOH";5;1;0;0;0;0;1;5;3;1;2
"GCBC";3,8;2;0;0;0;0;0;0;0;0;0
"GCFU";5;2;5;3;0;0;1,5;3;5;2;2
"GCHT";1;3;0;0;0;0;0;0;0;0;0
"GCLA";5;1;5;3;0,9;2;1,2;4;3;1;0
"GCLE";5;3;0;0;0,3;4;0;0;3;1;2
"GCLF";5;2;5;3;0;0;1,5;3;5;2;2
"GCLT";1;3;0;0;0,3;4;0;0;0;0;2
"GCON";4;1;4;2;1,8;1;1,5;2;3;1;2
"GCOP";4;1;4;2;0;0;0;0;3;1;0
"GCVA";4;1;4;2;1,8;3;2,1;4;4;1;2
"GDCL";4,5;1;0;0;0;0;0;0;4;1;0
"GDEC";4,8;2;0;0;1,3;4;1,7;3;5;1;0
"GDES";5;1;4;2;0;0;0;0;0;0;2
"GDIC";5;2;4;2;0,8;3;0;0;3;1;0
"GDRU";3,8;2;0;0;0;0;0;0;0;0;0
"GDUP";4;2;0;0;0;0;0;0;3;1;0
"GELG";5;1;4;2;0;0;0;0;3;1;2
"GENT";5;3;0;0;0;0;0;0;0;0;0
"GETG";1;3;0;0;0;0;0;0;0;0;0
"GEVA";2;3;0;0;0;0;0;0;3;1;0
"GEXL";5;1;0;0;0;0;0;0;3;3;0
"GGLI";2;3;3;2;0;0;0;0;3;1;0
"GGRA";4,2;1;5;3;1,1;2;1,2;4;2;1;0
"GGRO";2;2;0;0;0;0;0;0;3;1;0
"GGRT";1;3;5;3;1,1;1;0;0;0;0;0
"GGRU";4,2;1;5;3;1,3;1;1,2;4;3;1;0
"GHEB";4;2;0;0;0;0;1,1;4;1;1;0
"GHMI";3,8;3;0;0;0;0;0;0;3;1;0
"GHTM";4;1;5;3;0;0;0;0;4;2;2
"GIDI";5;2;0;0;0;0;0;0;3;1;0
"GINO";3;2;0;0;0;0;0;0;4;1;0
"GIOM";5;2;5;3;0;0;0;0;5;2;2
"GIPU";4,5;1;4;2;1,1;3;0;0;3;1;2
"GITB";4;1;0;0;0;0;0;0;0;0;0
"GJAT";1;3;0;0;0;0;0;0;0;0;0
"GJAV";4;2;0;0;0;0;0;0;0;0;0
"GLAN";4;3;0;0;1,1;2;1,2;4;3;1;0
"GLAT";5;3;0;0;0;0;1;5;1;1;0
"GLEP";4;3;0;0;0;0;0;0;0;0;0
"GLGA";1;3;0;0;0;0;0;0;0;0;0
"GLGN";2;3;0;0;0;0;0;0;0;0;0
"GLIG";2;3;3;2;0;0;0;0;3;1;0
"GLON";5;1;5;3;0,4;3;1,2;4;3;1;0
"GLSU";5;2;5;3;0;0;1,2;4;3;1;0
"GMGN";4;3;0;0;0;0;0;0;3;1;0
"GMIC";3;1;4;2;0,9;3;1,9;4;5;3;0
"GMIN";4;1;0;0;0;0;2;5;3;2;0
"GMIT";1;3;0;0;0;0;0;0;0;0;0
"GMMI";3,8;3;0;0;0;0;0;0;3;1;0
"GMOD";4;2;0;0;0;0;0;0;4;1;0
"GMPU";5;1;4;2;0;0;0;0;3;1;2
"GMTG";1;3;4;2;0;0;0;0;0;0;0
"GNOD";4;3;5;3;1,7;4;2;4;5;2;0
"GNOT";1;3;5;3;1,7;1;2;4;5;2;0
"GNRH";5;3;0;0;0;0;0;0;3;1;0
"GOCU";5;1;4;2;0;0;1;5;0;0;0
"GOLD";5;1;5;3;0;0;1,5;3;2;3;2
"GOLI";4,6;1;4;2;2;2;2,1;4;5;2;0
"GOLL";3,5;1;0;0;0;0;1,9;4;0;0;0
"GOLO";5;1;5;3;0;0;1,5;3;2;3;0
"GOLV";4,6;1;4;2;2;2;0;0;5;1;0
"GOMI";5;2;5;3;0;0;1,5;3;5;2;2
"GOMT";1;3;0;0;0;0;0;0;0;0;0
"GOOC";3,5;1;0;0;0;0;1,9;4;0;0;0
"GOOL";5;1;5;3;0;0;1,5;3;2;3;2
"GOTE";4;1;0;0;0;0;0;0;4;2;0
"GOTG";1;3;4;2;2;2;0;0;0;0;0
"GOVL";3,5;1;0;0;0;0;1,9;4;0;0;0
"GPAA";1;3;0;0;0;0;0;0;0;0;1
"GPAL";5;3;0;0;0;0;0;0;5;1;0
"GPAR";2;1;2;1;2,1;1;2,6;1;4;3;0
"GPAS";2;1;2;1;0;0;0;0;0;0;0
"GPAT";1;3;2;1;2,1;2;0;0;0;0;0
"GPEL";5;1;4;2;0;0;0;0;3;1;2
"GPGL";2;3;3;2;0;0;0;0;3;1;0
"GPGR";2;2;0;0;0;0;0;0;3;1;0
"GPLA";2;3;0;0;0;0;0;0;0;0;1
"GPLI";2;3;3;2;0;0;0;0;3;1;0
"GPMI";3;1;4;2;0;0;0;0;5;3;0
"GPNE";2;3;0;0;0;0;0;0;0;0;1
"GPPA";5;1;0;0;0;0;0;0;0;0;0
"GPRC";5;1;0;0;0;0;1;5;1;2;0
"GPRI";3,5;1;4;2;0;0;0;0;3;1;2
"GPRO";3,8;2;4;2;2,6;3;1,2;4;1;2;0
"GPSA";3;1;0;0;0;0;2,5;3;1;1;1
"GPTE";5;1;0;0;0;0;0;0;1;1;0
"GPUM";4,5;1;4;2;1,1;3;1,6;3;3;1;2
"GPUT";1;3;4;2;1,1;1;0;0;0;0;2
"GPVL";5;1;0;0;0;0;0;0;0;0;0
"GPXS";5;1;0;0;0;0;0;0;3;3;0
"GRHB";5;3;0;0;0,3;4;0;0;3;1;0
"GRHO";5;3;0;0;0,3;4;0;0;3;1;0
"GROS";5;1;0;0;0;0;0;0;0;0;0
"GRSO";3;3;0;0;0;0;0;0;5;1;0
"GSAG";4;3;0;0;0;0;0;0;1;1;0
"GSAR";3,2;2;0;0;0;0;0;0;1;2;0
"GSCA";2,8;3;0;0;2,2;3;0;0;5;2;0
"GSCH";5;3;0;0;0;0;0;0;3;1;0
"GSCI";4;3;5;3;1,7;4;2;4;5;2;0
"GSCT";1;3;0;0;2,2;2;0;0;0;0;0
"GSHO";5;2;0;0;0;0;1,6;4;2;1;0
"GSML";4;1;0;0;0;0;2;5;4;1;0
"GSMO";5;1;0;0;0,4;3;1,2;4;3;1;0
"GSNO";4;3;5;3;1,7;4;0;0;5;2;0
"GSPE";4;3;0;0;0;0;0;0;5;2;0
"GSPP";2;1;2;1;0;0;0;0;0;0;0
"GSPU";5;2;0;0;0;0;0;0;5;2;0
"GSTY";4;3;0;0;0;0;0;0;1;1;0
"GSUB";4;3;0;0;0;0;0;0;1;1;0
"GTEA";1;3;0;0;2,2;2;0;0;0;0;0
"GTER";4;3;0;0;2,2;3;1,9;4;3;1;0
"GTNL";4;1;0;0;0;0;2;5;1;2;0
"GTRT";1;3;4;2;1,8;1;0;0;0;0;2
"GTRU";4;1;4;2;1,8;3;1,5;2;4;1;2
"GUTA";4,5;2;0;0;0;0;0;0;0;0;0
"GVEN";4;2;0;0;0,3;4;1;5;3;1;0
"GVIN";5;1;4;2;0;0;0;0;3;1;0
"GVPU";5;1;4;2;1,1;3;0;0;3;1;2
"GVPV";5;1;4;2;0;0;0;0;3;1;0
"GYAC";4;3;0;0;2,2;3;1,9;3;4;2;0
"GYAT";4;3;5;3;2,2;3;0;0;4;2;0
"GYKU";4;3;0;0;0;0;0;0;0;0;0
"GYOB";2,8;3;0;0;2,2;3;0;0;5;2;0
"HAAA";5;2;4;3;0,6;3;0;0;1;3;2
"HABU";1,2;2;0;0;0;0;0;0;0;0;0
"HACO";2;3;0;0;0;0;0;0;5;1;0
"HAHA";5;2;4;3;0;0;0;0;1;3;2
"HALI";5;2;4;3;0;0;0;0;1;3;2
"HAMP";1,5;3;3;2;2,4;2;1,8;1;5;1;0
"HARC";5;2;4;3;0,3;4;1,5;2;1;3;2
"HAVT";4,3;2;0;0;0;0;0;0;0;0;0
"HCAP";4;1;4;2;2,4;2;2,7;3;5;1;0
"HCOS";4;2;0;0;0;0;1,5;3;4;1;0
"HDUL";0;0;0;0;0;0;0;0;4;1;0
"HHOL";2,4;2;0;0;0;0;0;0;5;1;0
"HHUN";4;1;0;0;2,5;3;0;0;5;1;0
"HLAC";2;3;0;0;0;0;0;0;5;1;0
"HLMO";2,8;1;0;0;0;0;1,6;2;5;1;1
"HLUE";4;2;0;0;0;0;0;0;4;1;0
"HNOR";4,2;3;0;0;0,1;5;0;0;5;1;0
"HOLI";5;1;0;0;0;0;0;0;5;1;0
"HRAD";4;1;0;0;1;3;0;0;0;0;0
"HSTU";2,8;2;0;0;0;0;0;0;0;0;0
"HSUT";3;1;0;0;0;0;0;0;0;0;0
"HTRQ";2;3;0;0;0;0;0;0;0;0;0
"HVEN";1;2;0;0;2,5;3;3,6;3;5;1;0
"KAAM";4;1;0;0;0;0;0;0;3;1;0
"KAKO";4;1;0;0;0;0;0;0;4;2;0
"KALA";4,5;1;0;0;0;0;1;5;4;2;2
"KAMO";4;1;0;0;0;0;0;0;3;1;0
"KAPG";5;2;0;0;0;0;0;0;4;2;0
"KAPL";5;2;0;0;0;0;1,9;4;4;2;0
"KAPT";1;3;0;0;0;0;0;0;4;2;0
"KASU";4,5;1;0;0;0;0;1;5;4;1;2
"KCLE";4;2;0;0;1,5;3;1,6;3;4;2;2
"KCLR";4;2;0;0;1,5;3;0;0;4;2;2
"KCLV";4;2;0;0;1,5;1;0;0;4;2;2
"KCRO";4;2;0;0;1,5;3;0;0;4;2;2
"KGES";3,9;2;0;0;0;0;0;0;4;2;0
"KGET";1;3;0;0;0;0;0;0;4;2;0
"KKOL";4;1;0;0;0;0;0;0;4;2;0
"KLAT";4,5;1;0;0;0;0;1;5;4;2;2
"KOBG";4,5;1;0;0;0;0;1;5;2;2;0
"KOTG";1;3;0;0;0;0;0;0;0;0;0
"KPLO";5;2;0;0;0;0;1,9;4;4;2;0
"KSUC";4,5;1;0;0;0;0;1;5;4;1;2
"LACD";5;1;0;0;0;0;0;0;5;2;0
"LCOH";2;2;0;0;0;0;0;0;5;2;0
"LGOE";2;2;1;3;3;3;3,3;2;5;2;1
"LGOT";1;3;1;3;3;3;0;0;0;0;1
"LHUN";2;3;0;0;2,5;3;2,7;3;3;1;0
"LHUT";1;3;0;0;2,5;2;0;0;0;0;0
"LMIT";2,6;1;0;0;0;0;0;0;0;0;0
"LMUA";1;3;0;0;1,2;1;0;0;0;0;1
"LMUT";2;2;0;0;1,2;2;2;3;5;2;1
"LMVE";2;3;0;0;0;0;0;0;5;2;0
"LNAV";2,8;2;0;0;0;0;0;0;0;0;0
"LNDI";5;3;0;0;0;0;0;0;5;2;0
"LNIV";5;3;0;0;0;0;0;0;5;2;0
"LOBT";1;3;0;0;0;0;0;0;0;0;0
"LPEG";2,1;2;0;0;0;0;0;0;0;0;0
"LPET";1;3;0;0;0;0;0;0;0;0;0
"LTER";2;2;1;3;3;3;0;0;0;0;0
"LUMI";2,8;2;0;0;0;0;0;0;0;0;0
"LUNT";1;3;0;0;0;0;0;0;0;0;1
"LVCF";2;3;0;0;0;0;0;0;0;0;0
"LVEN";2;3;0;0;0;0;0;0;5;2;0
"MAAL";3,5;1;0;0;0;0;0;0;5;1;0
"MAAT";2,2;1;0;0;2,1;2;3,4;2;5;1;0
"MAEX";3;1;0;0;0;0;0;0;5;1;1
"MAFO";3;2;0;0;0;0;0;0;5;1;0
"MAGR";3;1;0;0;0;0;0;0;5;1;0
"MAMB";4;1;0;0;1,5;3;0;0;0;0;0
"MAPE";2,3;1;0;0;3;3;3,4;2;5;1;1
"MAPT";1;3;0;0;3;3;0;0;0;0;1
"MARE";5;1;0;0;0,1;5;0;0;5;2;0
"MASE";4;2;0;0;0;0;0;0;5;1;0
"MBIN";4;1;0;0;2;5;0;0;0;0;0
"MCCO";4,5;1;0;0;0;0;1,2;4;2;3;2
"MCIR";4,2;1;5;2;0,8;3;1,9;3;1;3;2
"MCON";4,5;1;0;0;0;0;1,2;4;2;3;2
"MCTG";1;3;0;0;0;0;0;0;0;0;0
"MCVA";4;2;0;0;0;0;0;0;0;0;0
"MDAF";4;2;0;0;0;0;0;0;0;0;0
"MDAL";4;2;0;0;0,5;3;0;0;0;0;0
"MDIS";4,6;2;0;0;0,5;2;0;0;0;0;0
"MDLI";4;1;0;0;0;0;0;0;0;0;0
"MDLS";4;2;0;0;0;0;0;0;0;0;0
"MDNI";4;1;0;0;0;0;0;0;0;0;0
"MDPF";4;2;0;0;0;0;0;0;0;0;0
"MGAN";2,8;1;0;0;1,8;4;0;0;0;0;0
"MGCU";3;1;0;0;1,8;1;0;0;0;0;0
"MGMU";3,8;1;0;0;0;0;0;0;0;0;0
"MGRA";2,9;1;0;0;1,8;4;0;0;0;0;0
"MIBA";3,7;1;0;0;0;0;0;0;0;0;0
"MICL";4,5;1;0;0;0;0;0;0;0;0;0
"MIHA";3,7;1;0;0;0;0;0;0;0;0;0
"MIMU";3,7;1;0;0;0;0;0;0;0;0;0
"MING";2,5;1;0;0;0;0;0;0;5;1;0
"MIPA";3,7;1;0;0;0;0;0;0;0;0;0
"MIPE";3,7;1;0;0;0;0;0;0;0;0;0
"MIPL";3,7;1;0;0;0;0;0;0;0;0;0
"MISA";4;1;0;0;0;0;0;0;2;1;0
"MISB";3,8;1;0;0;0;0;0;0;0;0;0
"MISC";5;1;0;0;0;0;0;0;0;0;0
"MISL";5;1;0;0;0;0;0;0;0;0;0
"MITA";3,7;1;0;0;1,5;3;0;0;0;0;0
"MITC";3,7;1;0;0;0;0;0;0;0;0;0
"MITE";4;1;0;0;1,8;3;0;0;0;0;0
"MIVA";4;2;0;0;0;0;0;0;0;0;0
"MLLC";2;1;0;0;0;0;1,1;4;5;1;1
"MMAR";4;1;0;0;1,5;3;0;0;5;2;0
"MNUM";2;3;0;0;0;0;0;0;0;0;0
"MOES";4;1;0;0;0;0;0;0;0;0;0
"MPMI";2,3;1;0;0;3;3;3,4;2;5;1;1
"MPSI";3,8;1;0;0;0;0;0;0;0;0;0
"MRCD";2;2;0;0;0;0;0;0;5;1;0
"MSUL";2;2;0;0;0;0;0;0;0;0;0
"MVAR";4;1;3;1;1,7;1;2,3;2;5;2;0
"NAAC";0;0;0;0;1,7;1;0;0;5;3;0
"NAAF";1;3;3;2;2,7;2;0;0;0;0;0
"NAAL";3,5;1;0;0;0;0;0;0;5;1;0
"NAAM";3;3;0;0;2;3;0;0;5;1;0
"NAAN";5;3;0;0;0;0;1;5;5;1;0
"NABL";4;1;0;0;0;0;1,1;4;4;1;0
"NACD";5;1;0;0;0;0;1,3;3;2;1;0
"NACE";3;1;0;0;0;0;0;0;0;0;0
"NACI";2;2;3;2;2,7;4;2,5;2;3;1;0
"NACO";1;3;1;3;3,3;4;3,5;2;5;1;1
"NACU";4;3;0;0;0;0;2;3;4;2;0
"NADU";2;1;0;0;0;0;3,5;2;5;1;0
"NAEX";3;1;0;0;0;0;0;0;5;1;0
"NAGA";1;3;0;0;0;0;0;0;0;0;0
"NAGE";5;1;0;0;0;0;0;0;0;0;0
"NAGF";1,5;2;0;0;0;0;0;0;5;1;0
"NAGN";3,2;1;0;0;0;0;0;0;4;1;0
"NAGR";3;1;0;0;0;0;0;0;5;1;0
"NAGW";3;1;0;0;0;0;0;0;4;1;0
"NAHI";2;3;0;0;0;0;0;0;4;1;0
"NAIA";3;2;0;0;0;0;0;0;4;1;0
"NAIG";4;2;0;0;0;0;0;0;4;1;0
"NALE";1;2;0;0;0;0;0;0;4;1;0
"NALI";2;2;0;0;2,4;2;0;0;4;1;0
"NALP";5;2;0;0;0;0;1;5;2;3;0
"NAMB";4;1;0;0;0;0;0;0;0;0;0
"NAMC";2;3;0;0;0;0;0;0;4;1;0
"NAMD";1;3;1;2;2,5;2;2,8;1;4;1;0
"NAMI";4;2;0;0;0;0;0;0;4;1;0
"NAMJ";4;3;0;0;1;1;0;0;1;3;0
"NAMP";2;2;2;3;1,8;1;2,5;2;5;3;0
"NANT";4;1;5;2;2,5;2;2,2;2;0;0;0
"NAOT";1;3;5;2;2,5;2;0;0;0;0;0
"NAPA";5;3;0;0;0;0;0;0;5;1;0
"NAPE";2,3;1;0;0;3;3;3,4;2;5;1;0
"NAPI";2,4;2;0;0;2,9;5;2,8;4;4;1;0
"NAPN";3;2;0;0;0;0;0;0;4;1;0
"NAQR";5;1;0;0;0;0;0;0;1;1;0
"NARC";2,2;2;0;0;0;0;0;0;5;1;0
"NARV";3;1;0;0;0;0;0;0;1;1;0
"NASE";4;2;0;0;0;0;0;0;5;1;0
"NAST";2;2;0;0;2,4;3;0;0;4;1;0
"NATA";4,5;1;0;0;0;0;0;0;2;1;0
"NATG";1;3;2;3;1,8;1;0;0;0;0;0
"NATO";2,2;1;0;0;2,1;2;3,4;2;5;1;0
"NATR";2;2;0;0;0;0;0;0;5;1;0
"NAUL";3;2;0;0;0;0;1;5;4;1;0
"NAUR";1;2;0;0;0;0;0;0;4;1;0
"NBAC";4;1;0;0;1,5;3;1,6;4;4;1;0
"NBCP";3;3;0;0;0;0;0;0;4;1;0
"NBID";4;1;0;0;0;0;1,3;3;2;3;0
"NBIS";5;2;0;0;0,8;4;1;5;2;3;0
"NBLC";1;3;0;0;0;0;3,4;2;4;1;0
"NBLT";2;3;0;0;0;0;0;0;4;1;0
"NBMS";2;2;0;0;0;0;0;0;4;1;0
"NBND";4;1;0;0;0;0;0;0;2;3;0
"NBNF";4;2;0;0;0;0;0;0;2;3;0
"NBNO";3,8;3;0;0;0;0;0;0;0;0;0
"NBRE";2;3;0;0;1,5;1;0;0;4;1;0
"NBRG";2;2;0;0;0;0;0;0;4;1;0
"NBRY";5;1;0;0;0;0;1,1;4;3;1;0
"NBST";3;2;0;0;0;0;1;5;4;1;0
"NBTE";1;3;0;0;1,5;1;0;0;0;0;0
"NBUT";1;3;0;0;0;0;0;0;0;0;0
"NBYD";4;1;0;0;0;0;0;0;0;0;0
"NCAA";5;3;0;0;0;0;1;5;5;1;0
"NCAG";1;3;0;0;0;0;0;0;0;0;0
"NCAM";3;3;3;2;2,3;4;0;0;4;1;1
"NCAP";4;1;4;2;2,4;3;2,7;3;5;1;0
"NCAR";4;3;0;0;0;0;1,5;3;4;1;0
"NCAT";4,8;2;0;0;0;0;0;0;0;0;0
"NCBA";1;3;0;0;0;0;0;0;5;1;1
"NCBI";4;1;5;3;0;0;0;0;5;1;2
"NCCA";4;3;0;0;0;0;1,5;3;4;1;0
"NCCT";5;3;0;0;0;0;0;0;4;1;0
"NCEX";3;1;0;0;0;0;0;0;4;1;2
"NCFA";5;1;0;0;0;0;1,9;4;0;0;0
"NCFI";3;3;0;0;0;0;0;0;4;1;0
"NCGN";1;3;0;0;0;0;0;0;0;0;0
"NCHS";3;2;0;0;0;0;0;0;5;1;0
"NCHT";2;3;0;0;0;0;0;0;4;1;0
"NCHU";4;1;0;0;2,5;3;0;0;5;1;0
"NCIA";5;3;0;0;0;0;0;0;5;1;0
"NCIH";3;1;0;0;0;0;0;0;4;1;0
"NCIL";2;3;0;0;0;0;2,3;3;4;1;0
"NCIN";3;1;0;0;2,6;3;2,6;2;3;1;0
"NCIT";3;1;0;0;0;0;2,3;2;4;1;0
"NCLA";2,8;3;0;0;2,5;3;2,9;4;4;1;0
"NCLD";4,2;2;0;0;0;0;0;0;4;1;0
"NCLE";4;1;0;0;0;0;1,7;4;4;1;0
"NCLO";2;1;0;0;3,2;3;0;0;5;1;0
"NCLY";2;3;0;0;0;0;0;0;4;1;0
"NCMS";2,9;2;0;0;0;0;0;0;1;2;0
"NCNI";1;3;0;0;0;0;0;0;0;0;1
"NCNO";3;1;0;0;0;0;2;5;0;0;0
"NCOC";5;2;5;3;0;0;1;5;3;1;0
"NCOF";1;3;0;0;1,8;1;0;0;5;1;1
"NCOH";2;2;0;0;0;0;0;0;5;2;0
"NCOM";1;3;0;0;1,8;4;3,3;3;4;1;0
"NCON";4;1;5;3;0;0;1,4;3;3;1;2
"NCOS";4;2;0;0;0;0;1,5;3;4;1;0
"NCOT";2,4;2;0;0;2,9;5;2,8;4;4;1;0
"NCOU";3;1;0;0;0;0;0;0;4;1;0
"NCPE";3,2;1;0;0;0;0;0;0;4;1;0
"NCPG";1;3;5;2;1,9;1;0;0;0;0;2
"NCPL";1;3;0;0;2,5;3;3,4;2;5;1;0
"NCPR";3;2;5;2;1,9;3;2,3;3;4;2;2
"NCPS";2;1;0;0;0;0;0;0;4;1;0
"NCPV";5;2;5;3;0;0;0;0;3;1;0
"NCRA";2,6;3;0;0;0;0;0;0;4;1;0
"NCRE";2,8;2;0;0;0;0;2,4;3;4;1;0
"NCRY";3,5;2;3;1;2,4;2;2,5;2;4;1;0
"NCRZ";2,9;2;0;0;0;0;0;0;1;2;0
"NCSS";1;2;0;0;3,1;3;0;0;4;1;0
"NCST";5;1;0;0;0;0;1,4;4;4;1;0
"NCTE";4;1;0;0;1,2;3;1,5;2;5;2;0
"NCTG";1;3;0;0;1,2;3;0;0;0;0;0
"NCTL";5;2;0;0;0;0;0;0;0;0;0
"NCTM";3;2;5;2;1,9;3;0;0;4;1;2
"NCTN";1;3;0;0;0;0;3,4;2;4;1;0
"NCTO";3,5;1;0;0;0;0;0;0;0;0;0
"NCTS";3;2;0;0;0;0;1;5;4;1;0
"NCTT";4,5;1;0;0;0;0;0;0;0;0;0
"NCTV";3;1;0;0;0;0;0;0;2;1;0
"NCUH";2,6;3;0;0;0;0;0;0;4;1;0
"NCVC";3;1;0;0;2,6;3;0;0;3;1;0
"NDAB";4;1;0;0;0;0;1,1;4;4;1;0
"NDBF";4;2;0;0;0;0;0;0;2;3;0
"NDCI";2;2;0;0;0;0;0;0;4;1;0
"NDCL";4,5;1;0;0;0;0;0;0;4;1;0
"NDCM";2;1;0;0;0;0;3,5;2;5;1;0
"NDCT";4;2;0;0;0;0;0;0;4;1;0
"NDEB";2;2;5;3;0;0;0;0;4;1;0
"NDEC";4,8;2;0;0;1,3;4;1,7;3;5;1;0
"NDEM";2;1;0;0;3;3;0;0;5;1;1
"NDEN";4;2;0;0;1,5;3;1;5;4;2;0
"NDES";1;2;0;0;0;0;0;0;4;1;0
"NDGR";2;2;0;0;0;0;0;0;4;1;0
"NDIE";4;2;0;0;0;0;0;0;4;1;0
"NDIF";5;1;0;0;0;0;0;0;3;1;0
"NDIG";2;3;0;0;0;0;0;0;4;1;0
"NDIS";4;3;5;2;1,2;3;2;3;5;2;2
"NDIT";2;2;0;0;0;0;0;0;4;1;0
"NDLO";3;2;0;0;0;0;2,2;4;5;1;0
"NDMB";4;1;0;0;0;0;1,3;3;2;3;0
"NDME";4;3;0;0;0;0;1,3;3;4;2;0
"NDPA";3;2;0;0;0;0;1;5;4;1;0
"NDPU";4;3;0;0;0;0;0;0;4;1;0
"NDPV";4;1;0;0;0;0;0;0;4;1;0
"NDRA";3;2;0;0;0;0;0;0;4;1;0
"NDSR";5;2;0;0;0;0;0;0;1;1;0
"NDSS";5;3;0;0;0;0;0;0;2;3;0
"NDTG";1;3;5;2;1,2;1;0;0;0;0;2
"NDUB";2;3;0;0;2,5;3;0;0;4;1;0
"NDVE";5;1;0;0;0;0;0;0;4;1;0
"NDVI";5;1;0;0;0;0;1,2;4;0;0;0
"NEAA";4;3;0;0;1;4;0;0;1;3;0
"NEAF";4;3;0;0;1;4;1;5;1;3;0
"NEAL";4;3;0;0;0;0;0;0;1;3;0
"NEAM";5;3;0;0;0;0;1;5;1;3;0
"NEAR";4;3;0;0;0;0;0;0;2;3;0
"NEAS";4;3;0;0;1;1;0;0;1;3;0
"NEAU";4;3;0;0;1;1;0;0;1;3;0
"NECU";4;2;0;0;0;0;0;0;4;1;0
"NEDG";2,8;2;0;0;0;0;0;0;4;1;0
"NEDT";4;3;0;0;0;0;0;0;4;1;0
"NEDU";4;2;0;0;1,7;2;1,3;3;2;3;0
"NEGC";4,8;2;0;0;1,3;4;1,7;3;5;1;0
"NEIA";5;3;0;0;0;0;1;5;1;3;0
"NEIO";5;3;0;0;0;0;0;0;1;3;0
"NEIP";5;3;0;0;0;0;0;0;1;3;0
"NELD";5;3;0;0;0;0;0;0;2;3;0
"NELE";2;3;0;0;0;0;0;0;4;1;0
"NELG";4;2;0;0;0;0;1,5;3;4;1;0
"NELI";5;2;0;0;0;0;0;0;2;3;0
"NEPE";5;2;0;0;0;0;0;0;2;3;0
"NEPF";4;3;0;0;0;0;0;0;4;1;0
"NEPR";4;2;0;0;1,5;3;1;5;2;3;0
"NERI";2;3;0;0;0;0;2,3;3;4;1;0
"NESB";4;3;0;0;0;0;0;0;2;3;0
"NETE";5;2;0;0;0;0;0;0;2;3;0
"NEVA";4,6;1;0;0;0;0;1;5;5;1;0
"NEXC";3;1;0;0;0;0;0;0;5;1;1
"NEXI";3;1;0;0;0;0;1,1;4;4;1;2
"NEXM";5;1;0;0;0;0;0;0;5;1;0
"NFAS";2,2;2;0;0;0;0;0;0;4;1;0
"NFBI";5;2;0;0;1,1;3;0;0;4;1;0
"NFBU";2;1;0;0;0;0;0;0;5;1;0
"NFIC";3,2;2;0;0;0;0;0;0;4;2;0
"NFIL";3;3;3;3;2,5;3;2,9;4;4;1;0
"NFIT";1;3;3;3;2,5;2;0;0;0;0;0
"NFLV";4,5;1;0;0;0;0;0;0;4;1;0
"NFMI";4,5;1;0;0;1,8;1;0;0;4;1;0
"NFOM";3,5;1;4;2;0;0;0;0;4;2;0
"NFON";3,5;1;4;2;1;2;2,1;4;4;2;2
"NFOS";3;2;0;0;0;0;0;0;5;1;0
"NFOT";1;3;4;2;1;1;0;0;0;0;2
"NFPE";4;2;0;0;0;0;0;0;0;0;0
"NFPM";4,5;1;0;0;1,8;4;0;0;4;1;0
"NFPP";5;2;4;2;2,5;3;0;0;5;1;0
"NFRU";2;1;0;0;3;3;0;0;5;1;1
"NFRZ";1;3;0;0;2,6;2;0;0;4;1;0
"NFSS";1;1;0;0;0;0;0;0;4;1;0
"NFTE";1;3;4;2;1,2;1;0;0;0;0;0
"NFTU";3;2;0;0;0;0;0;0;4;1;0
"NFVI";5;2;0;0;0,2;4;0;0;3;1;0
"NGAL";5;2;0;0;0;0;0;0;5;1;0
"NGAN";2,8;2;0;0;0;0;0;0;5;1;0
"NGAS";5;2;0;0;1,5;3;1,5;5;3;1;0
"NGAT";1;3;0;0;0;0;3,4;2;5;1;0
"NGCA";3;1;0;0;0;0;2;5;0;0;0
"NGER";3;2;4;1;0;0;0;0;0;0;0
"NGES";3;3;0;0;0;0;0;0;4;1;0
"NGGR";1;3;0;0;2,6;2;0;0;4;1;0
"NGIS";5;3;0;0;0;0;0;0;4;1;0
"NGLS";4,4;2;5;3;0;0;0;0;4;2;0
"NGOE";2;2;1;3;3;3;3,3;2;5;2;1
"NGPE";5;1;0;0;0,1;5;1,2;4;2;1;0
"NGPG";2,1;2;0;0;0;0;0;0;0;0;0
"NGRA";4,4;2;5;3;1,7;2;0;0;4;1;0
"NGRE";3,4;1;0;0;2,5;3;2,5;2;5;1;0
"NGRI";3;3;0;0;0;0;0;0;4;1;0
"NGRO";4;3;0;0;0;0;0;0;3;1;0
"NGTG";1;3;0;0;2,5;2;0;0;0;0;0
"NHAL";2;3;0;0;3;3;3;3;4;1;0
"NHAN";5;2;0;0;0,5;3;1,6;2;3;1;0
"NHAS";5;1;0;0;0;0;0;0;1;1;0
"NHDS";2;3;0;0;0;0;0;0;3;1;0
"NHEF";3;1;0;0;0;0;0;0;4;1;0
"NHEL";5;1;0;0;0;0;0;0;4;1;0
"NHEU";4;1;0;0;0,6;3;2;5;2;1;1
"NHIE";4,5;1;0;0;1,8;1;0;0;4;1;0
"NHIN";5;1;0;0;0;0;0;0;0;0;0
"NHLU";4;2;0;0;0;0;0;0;4;1;0
"NHMD";5;2;0;0;0;0;0;0;4;1;0
"NHMS";5;2;0;0;0;0;0;0;4;1;0
"NHOM";5;1;4;1;0;0;1,3;3;4;1;0
"NHSD";2;3;0;0;0;0;0;0;4;1;0
"NHTG";1;3;0;0;0,6;3;0;0;0;0;1
"NHTN";0;0;0;0;0;0;0;0;4;1;0
"NHUC";4;1;4;2;2,4;3;0;0;5;1;0
"NHUN";4;1;0;0;2,5;3;0;0;5;1;0
"NHUS";3;1;0;0;0;0;0;0;4;1;0
"NIAA";4;1;0;0;0;0;0;0;4;1;0
"NIAC";4,5;1;0;0;0;0;0;0;2;1;0
"NIAL";1;3;0;0;2,5;2;3,4;2;5;1;0
"NIAN";3,8;3;0;0;2,9;5;1,3;4;4;1;0
"NIAR";3,8;2;0;0;0;0;1,9;3;1;1;0
"NIAT";3;2;0;0;0;0;0;0;4;1;0
"NIBB";2;2;0;0;0;0;0;0;4;1;0
"NIBU";2;1;0;0;0;0;0;0;5;1;0
"NICA";2,3;2;0;0;0;0;2,9;4;4;1;0
"NICE";2;2;0;0;0;0;0;0;4;1;0
"NICT";2;2;0;0;0;0;0;0;4;1;0
"NIDF";3;1;0;0;0;0;0;0;4;1;0
"NIEA";1;2;0;0;0;0;0;0;4;1;0
"NIFQ";1;3;0;0;2,5;3;3,4;2;4;1;0
"NIFR";2;1;4;2;1,2;1;2,2;4;5;1;0
"NIFS";3;1;0;0;0;0;0;0;4;1;0
"NIFT";2;2;0;0;2,4;2;0;0;4;1;0
"NIGF";2;1;0;0;0;0;1,6;2;4;1;0
"NIGN";4;2;0;0;0;0;0;0;4;1;1
"NIGR";3;2;0;0;1,6;3;1,3;4;3;1;1
"NIHE";3;3;0;0;0;0;0;0;5;1;0
"NIHO";3;1;0;0;0;0;0;0;4;1;0
"NIHU";2,2;2;0;0;2,6;3;2,9;4;5;1;0
"NIIL";2,5;3;0;0;0;0;0;0;4;1;0
"NIIS";2;3;0;0;0;0;0;0;4;1;0
"NILA";5;2;0;0;0;0;0;0;3;1;0
"NILR";3;3;0;0;0;0;0;0;4;1;0
"NIMB";2;2;0;0;1,5;3;0;0;4;1;1
"NIME";4;3;0;0;0;0;1,3;3;4;1;0
"NIMN";4,5;1;0;0;0;0;0;0;4;1;0
"NIMO";4;1;0;0;0;0;0;0;4;1;0
"NINC";2,8;1;4;2;1,2;3;2,2;4;5;1;0
"NING";2,5;1;0;0;0;0;0;0;5;1;0
"NINO";3;2;0;0;0;0;0;0;4;1;0
"NINS";3;2;0;0;0;0;0;0;4;1;0
"NINT";1;3;0;0;2,6;3;0;0;1;1;0
"NINU";3;1;0;0;2,6;3;0;0;3;1;0
"NIPA";5;3;0;0;0;0;0;0;5;1;0
"NIPF";3;2;0;0;0;0;0;0;1;1;0
"NIPL";2,2;2;0;0;0;0;0;0;0;0;0
"NIPM";4,5;1;0;0;1,8;4;1,3;3;4;1;0
"NIPO";3;1;3;2;1;3;0;0;5;1;0
"NIPR";4;1;0;0;0;0;1,8;2;4;1;0
"NIPU";2;3;0;0;0;0;0;0;4;2;0
"NIRL";2,8;3;0;0;0;0;0;0;4;1;0
"NIRM";3,2;1;0;0;0;0;0;0;4;1;0
"NIRO";3;3;0;0;0;0;0;0;4;1;0
"NISC";3;3;0;0;0;0;0;0;3;1;0
"NISO";2;2;0;0;0;0;0;0;5;1;0
"NISU";3;2;0;0;0;0;0;0;5;1;0
"NITE";3;2;0;0;0;0;0;0;4;1;0
"NITG";3;3;0;0;0;0;2,4;2;4;1;0
"NITR";3;3;0;0;0;0;0;0;5;1;0
"NITT";1;3;0;0;2,6;2;0;0;0;0;0
"NIVA";2;2;0;0;0;0;0;0;1;1;0
"NIVB";1;3;4;2;0;0;0;0;0;0;0
"NIVI";2;3;0;0;0;0;0;0;4;1;0
"NIZT";1;3;0;0;0;0;0;0;0;0;0
"NJOU";3;2;0;0;0;0;1,8;3;5;1;1
"NJUG";2;3;0;0;0;0;0;0;4;1;0
"NKOT";3;3;0;0;0;0;0;0;4;1;0
"NKTG";3,2;1;0;0;0;0;0;0;4;1;0
"NKUA";1;3;0;0;0;0;0;0;0;0;0
"NKUT";2;3;0;0;0;0;0;0;4;2;0
"NKUZ";2,5;3;0;0;0;0;0;0;0;0;0
"NKZG";3;1;0;0;0;0;0;0;3;1;0
"NLAE";5;1;0;0;0;0;2,3;3;4;1;0
"NLAN";3,8;1;4;1;2;2;0;0;4;2;0
"NLAT";4;2;0;0;0;0;1;5;4;1;0
"NLAU";4;1;0;0;0;0;0;0;4;1;1
"NLBT";2;1;4;2;0;0;0;0;5;1;0
"NLCB";5;3;0;0;0;0;0;0;4;1;0
"NLCO";2;2;0;0;0;0;0;0;4;1;0
"NLEN";4;1;0;0;0;0;1,1;4;4;1;0
"NLEV";2;2;5;3;0;0;2,9;4;4;1;0
"NLGL";2;2;0;0;0;0;0;0;5;1;0
"NLGP";5;3;0;0;0;0;0;0;5;1;0
"NLGT";3;2;0;0;0;0;0;0;4;1;0
"NLIA";1;3;4;2;1,3;1;0;0;0;0;0
"NLIB";3;2;0;0;0;0;0;0;4;1;0
"NLIN";3;2;4;2;1,3;1;1,9;2;3;1;0
"NLIT";2;2;0;0;0;0;0;0;4;1;0
"NLLC";2;1;0;0;0;0;1,1;4;5;1;1
"NLLT";5;2;0;0;1,7;4;0;0;4;1;0
"NLMT";2;2;0;0;0;0;0;0;5;1;0
"NLNT";1;3;4;1;2;2;0;0;0;0;0
"NLOB";5;3;0;0;0;0;0;0;5;1;0
"NLOR";2,5;3;0;0;0;0;0;0;4;1;0
"NLOV";2,9;1;0;0;0;0;0;0;0;0;0
"NLSA";2,3;2;5;3;0;0;0;0;0;0;0
"NLST";5;2;0;0;0;0;0;0;2;1;0
"NLSU";3;3;0;0;0;0;0;0;0;0;0
"NLTL";2;2;0;0;0;0;0;0;0;0;0
"NLUN";4,8;2;0;0;0;0;0;0;0;0;0
"NLUZ";2;1;0;0;3;3;0;0;5;1;1
"NLVI";2;2;0;0;0;0;0;0;4;1;0
"NLZS";2,5;3;0;0;0;0;0;0;4;1;0
"NMAD";5;2;0;0;0;0;0;0;0;0;0
"NMAF";1;3;0;0;0;0;0;0;0;0;0
"NMAK";2,5;1;3;2;1,5;1;0;0;4;1;0
"NMCA";4;1;0;0;0;0;0;0;0;0;0
"NMCO";2;2;0;0;0;0;0;0;5;2;0
"NMDG";3;1;0;0;0;0;0;0;0;0;0
"NMDO";2;2;0;0;0;0;0;0;4;1;0
"NMED";4;2;0;0;0;0;1;5;1;1;0
"NMEG";4;1;5;2;2,5;2;2,2;2;0;0;0
"NMEL";2;3;0;0;0;0;0;0;4;1;0
"NMEN";4;1;5;2;2,1;2;1,1;5;5;2;0
"NMET";1;3;5;2;2,1;2;0;0;0;0;0
"NMFC";3,9;2;0;0;0;0;1;5;4;1;0
"NMGL";2;3;0;0;0;0;0;0;4;1;0
"NMGO";2;2;1;3;3;3;0;0;5;2;1
"NMIC";1;3;0;0;1,2;3;2,5;2;3;1;2
"NMIN";2,2;1;0;0;1,8;3;2,6;1;3;1;1
"NMIS";3;1;3;2;1;3;0;0;5;1;0
"NMIT";4;1;0;0;0;0;1,1;4;4;1;0
"NMLD";5;2;0;0;0;0;1,1;4;3;1;0
"NMLF";2;1;0;0;2,5;2;3,1;2;4;1;0
"NMMC";2;3;0;0;0;0;0;0;4;1;0
"NMMI";2,8;2;0;0;0;0;0;0;0;0;0
"NMMO";0;0;0;0;0;0;0;0;0;0;0
"NMMU";2;1;0;0;3,2;3;3,1;3;5;1;0
"NMNA";4;2;0;0;0;0;0;0;4;1;0
"NMNO";2;2;0;0;0;0;3;2;4;1;0
"NMNS";2;2;0;0;0;0;0;0;4;1;0
"NMOC";3;2;0;0;0;0;2,2;4;4;1;0
"NMOD";4;2;0;0;0;0;0;0;4;1;0
"NMOI";3;3;0;0;0;0;0;0;5;1;0
"NMOK";3;1;0;0;0;0;0;0;0;0;0
"NMOU";4;2;0;0;0;0;0;0;4;1;0
"NMSC";4;1;0;0;0;0;0;0;0;0;0
"NMTE";1;3;0;0;1,8;1;2,6;1;0;0;0
"NMTG";2,6;1;0;0;0;0;0;0;0;0;0
"NMTO";3;1;0;0;1,8;1;0;0;3;1;1
"NMTR";2;2;1;3;0;0;0;0;5;2;0
"NMUD";0;0;0;0;0;0;0;0;5;1;0
"NMUI";5;1;0;0;0;0;0;0;5;2;0
"NMUP";4;2;0;0;1,4;3;0;0;5;2;0
"NMUR";2;1;0;0;1;2;0;0;5;1;0
"NMUT";2;2;0;0;1,2;2;2;3;5;2;1
"NNAN";4;2;0;0;0;0;0;0;4;1;1
"NNAT";3;2;0;0;0;0;0;0;4;1;0
"NNAV";2;2;0;0;0;0;0;0;4;1;0
"NNDG";5;3;0;0;0;0;0;0;5;2;0
"NNEO";2;3;0;0;0;0;0;0;5;2;0
"NNGO";3,4;1;0;0;0;0;0;0;0;0;0
"NNIV";5;3;0;0;0;0;0;0;5;2;0
"NNOT";5;2;0;0;0;0;0;0;4;1;0
"NNOV";2,8;2;0;0;0;0;0;0;0;0;0
"NNTL";2;2;0;0;0;0;0;0;4;1;0
"NNYA";4;3;0;0;0;0;0;0;4;1;1
"NOBK";2,5;3;0;0;0;0;0;0;0;0;0
"NOBL";4,5;3;0;0;1,5;3;1,4;3;4;1;0
"NOBM";2;3;0;0;1,5;1;0;0;4;1;0
"NOBN";4;2;0;0;0;0;0;0;4;1;1
"NOBS";3;3;0;0;0;0;0;0;3;1;0
"NOLI";4;3;0;0;0;0;0;0;0;0;0
"NOPU";5;3;0;0;0;0;0;0;4;1;0
"NOSA";3;3;0;0;0;0;0;0;3;1;0
"NOSD";3;2;5;2;0;0;0;0;0;0;0
"NOSG";1;3;0;0;0;0;0;0;0;0;0
"NOSM";2;3;0;0;0;0;0;0;4;1;0
"NPAC";3;3;0;0;0;0;0;0;4;1;0
"NPAD";3;1;1;2;0;0;0;0;5;1;1
"NPAE";2,5;1;3;2;1,5;3;2,7;3;4;1;0
"NPAG";3;2;0;0;0;0;0;0;3;1;0
"NPAL";1;3;1;2;2,6;1;2,8;1;4;1;1
"NPAT";1;3;0;0;0;0;0;0;5;1;0
"NPAU";2;1;0;0;0;0;0;0;4;1;0
"NPCU";2;1;0;0;0;0;0;0;4;1;0
"NPDC";5;3;0;0;0;0;0;0;5;1;0
"NPDX";2;3;0;0;1,8;1;0;0;4;1;0
"NPEB";2,5;1;3;2;1,5;1;0;0;4;1;0
"NPEG";2,1;2;0;0;0;0;0;0;0;0;0
"NPEL";3;1;0;0;2,5;1;0;0;5;1;1
"NPEP";5;1;0;0;0,1;5;0;0;2;1;0
"NPER";2,3;1;0;0;3;3;3,4;2;0;0;1
"NPEX";2;1;0;0;3,2;3;0;0;5;1;0
"NPFM";2;3;0;0;0;0;0;0;4;1;0
"NPFO";2;2;0;0;0;0;0;0;4;1;0
"NPHG";2,2;2;0;0;0;0;0;0;5;1;0
"NPHL";1;3;0;0;0;0;0;0;4;1;0
"NPHY";2,6;3;0;0;0;0;2,3;3;2;1;0
"NPLA";4;1;5;3;1,9;3;1,6;4;4;1;0
"NPLM";4;1;0;0;0;0;0;0;0;0;0
"NPLR";4;2;5;3;0;0;0;0;4;1;0
"NPME";3,9;2;0;0;0;0;1;5;4;1;0
"NPML";5;1;0;0;0;0;0;0;3;1;0
"NPND";2;2;0;0;0;0;0;0;5;1;0
"NPNU";2;2;0;0;0;0;2,3;3;4;1;0
"NPOU";4;2;0;0;1,5;3;0;0;4;1;0
"NPPG";4,5;1;0;0;0;0;0;0;4;1;0
"NPPV";2;1;0;0;2,2;2;0;0;5;1;1
"NPRA";5;1;0;0;0;0;1;5;4;1;0
"NPRG";2;2;0;0;0;0;0;0;4;1;0
"NPRO";2;2;0;0;0;0;2,1;4;4;1;0
"NPRT";2,3;1;0;0;3;3;0;0;5;1;0
"NPSF";2,9;1;0;0;0;0;0;0;4;1;0
"NPSH";2;3;0;0;3;3;0;0;4;1;0
"NPSL";5;2;0;0;1,7;4;0;0;4;1;0
"NPTG";1;3;3;2;1,5;1;0;0;0;0;0
"NPTR";1;3;1;2;2,6;2;0;0;0;0;1
"NPUM";4;3;0;0;0;0;0;0;2;1;1
"NPUN";2;1;0;0;0;0;0;0;4;1;0
"NPUP";2,6;2;3;2;1,9;2;2,4;2;3;1;1
"NPUS";5;3;0;0;0;0;0;0;4;1;0
"NPVA";3;3;0;0;0;0;0;0;0;0;0
"NPVE";4;1;0;0;0;0;0;0;4;1;0
"NPVL";3;3;0;0;0;0;0;0;3;1;0
"NPVU";2;3;0;0;1,5;3;0;0;4;1;0
"NPYG";2;3;0;0;2,7;4;2,6;3;3;1;0
"NQPU";5;2;0;0;0;0;1;5;2;3;0
"NRAD";5;2;4;3;1,5;3;1,3;4;2;1;0
"NRBO";5;2;0;0;0;0;0;0;4;1;0
"NRCD";2;2;0;0;0;0;0;0;5;1;0
"NRCF";1;3;0;0;0;0;0;0;0;0;2
"NRCH";3,6;1;0;0;0;0;2,1;4;5;2;2
"NRCR";3;1;0;0;0;0;0;0;5;2;0
"NRCS";2,8;2;0;0;0;0;2,4;3;4;1;0
"NREC";3;2;5;2;1,5;3;1,5;2;3;1;0
"NREI";4,5;1;0;0;0;0;1,9;4;5;1;0
"NREX";5;3;0;0;0;0;0;0;2;2;0
"NRFA";5;2;4;3;0;0;0;0;3;3;0
"NRGE";3;2;4;1;0;0;0;0;3;1;0
"NRGO";2,2;2;0;0;2,6;2;0;0;5;1;0
"NRGR";5;3;0;0;0;0;0;0;4;1;0
"NRHT";3;2;0;0;2,2;3;0;0;0;0;0
"NRHY";4;3;4;2;2,7;4;1,7;2;4;1;0
"NROM";3,5;1;4;2;1,3;2;0;0;4;2;2
"NROS";3;3;0;0;2;3;2,2;4;4;1;0
"NRPA";5;2;0;0;0;0;0;0;3;3;0
"NRST";3;1;0;0;0;0;0;0;4;1;0
"NRTD";2;2;0;0;0;0;0;0;5;1;0
"NRTE";4;1;0;0;0,6;2;0;0;5;2;0
"NRTG";1;3;0;0;0;0;0;0;0;0;0
"NRVU";5;1;0;0;0;0;0;0;4;1;0
"NSAI";3;2;5;2;1,9;1;0;0;4;1;2
"NSAL";2,6;2;0;0;0;0;0;0;5;1;0
"NSAP";2;1;0;0;0;0;3,5;2;4;1;1
"NSAR";2;2;0;0;0;0;0;0;4;1;0
"NSAT";5;1;0;0;0;0;0;0;2;1;1
"NSBB";5;1;0;0;0;0;0;0;4;1;0
"NSBC";1;3;0;0;2,5;3;3,4;2;4;1;0
"NSBH";4;1;5;3;1,5;1;1,9;3;4;1;0
"NSBL";5;2;0;0;0;0;1,6;2;2;1;0
"NSBM";2;1;0;0;3;3;3,4;2;5;1;1
"NSBO";0;0;0;0;0;0;0;0;5;1;0
"NSBQ";1;3;0;0;2,5;3;3,4;2;5;1;0
"NSBR";2,3;1;0;0;0;0;1,4;4;4;1;0
"NSBU";5;1;0;0;0;0;0;0;4;1;0
"NSCH";5;2;0;0;0;0;1,6;4;2;1;0
"NSDE";3;3;0;0;0;0;1,8;2;5;1;0
"NSDF";1;3;0;0;1,2;1;0;0;0;0;1
"NSEB";3;1;0;0;0;0;0;0;0;0;0
"NSEG";3;3;0;0;0;0;0;0;4;1;0
"NSEI";2;1;0;0;0;0;0;0;0;0;0
"NSEM";1,5;2;0;0;1,2;2;3,2;2;4;1;1
"NSEO";3;1;0;0;0;0;0;0;5;1;1
"NSER";3;2;0;0;0;0;1,8;3;5;1;1
"NSFK";4;1;0;0;1,9;3;1,6;4;4;1;0
"NSFQ";1;3;0;0;2,5;3;3,4;2;5;1;0
"NSHG";1;3;0;0;1,1;1;0;0;0;0;0
"NSHR";2,8;3;0;0;1,1;4;0;0;4;1;0
"NSIA";3;2;0;0;1,1;1;0;0;0;0;0
"NSIG";2;3;0;0;2,5;3;2,9;4;1;2;0
"NSIM";4;1;0;0;0;0;2;5;4;1;0
"NSIN";4;2;0;0;1,3;2;0;0;4;1;0
"NSIO";3;2;5;3;2,5;3;2,1;4;1;2;0
"NSIT";5;2;0;0;0;0;0;0;1;1;0
"NSLC";2;2;0;0;0;0;0;0;4;1;0
"NSLE";3;3;0;0;0;0;2;5;5;1;0
"NSLU";3;1;0;0;0;0;1,9;4;5;1;0
"NSMG";1;3;0;0;0;0;0;0;0;0;0
"NSMM";5;1;0;0;0;0;1;5;4;1;0
"NSMO";2;2;0;0;0;0;3,1;3;5;1;1
"NSMT";5;1;0;0;0;0;0;0;4;1;0
"NSMU";2,9;1;0;0;0;0;0;0;5;1;0
"NSOC";3;3;0;0;1,5;3;2,1;4;5;1;0
"NSOH";5;1;0;0;0;0;1;5;1;1;0
"NSOL";3;3;0;0;0;0;1,8;2;5;1;0
"NSOM";4;3;0;0;0;0;0;0;5;1;0
"NSOR";4;3;0;0;0;0;1;5;1;1;0
"NSOT";1;3;0;0;1,5;1;0;0;0;0;0
"NSPD";5;2;0;0;0;0;0;0;4;1;0
"NSPU";2;3;0;0;0;0;0;0;4;1;0
"NSRC";5;1;0;0;0;0;0;0;3;1;0
"NSRH";3;2;0;0;0;0;0;0;4;1;0
"NSRM";3,5;1;4;2;1,3;1;0;0;4;2;2
"NSRO";3;3;0;0;0;0;0;0;4;1;0
"NSSO";3;2;0;0;0;0;0;0;4;1;0
"NSST";3,4;1;0;0;0;0;0;0;0;0;0
"NSSY";3;2;0;0;1,1;1;0;0;0;0;0
"NSTB";3;3;0;0;1,5;1;0;0;5;1;0
"NSTL";5;3;0;0;0;0;0;0;4;1;0
"NSTR";5;1;0;0;0;0;1;5;4;1;0
"NSTS";2,8;1;4;1;0;0;2,2;4;5;3;0
"NSTZ";5;1;0;0;0;0;0;0;5;1;0
"NSUA";3;3;0;0;0;0;2;3;4;1;0
"NSUC";5;1;0;0;0;0;1;5;4;1;0
"NSUN";5;1;0;0;0;0;1,5;3;3;1;0
"NSUP";4;1;0;0;0;0;0;0;0;0;0
"NSYM";3;2;0;0;1,1;1;0;0;0;0;0
"NTAB";5;2;0;0;0;0;0;0;1;1;0
"NTAC";3;2;0;0;0;0;0;0;2;2;0
"NTCA";5;3;0;0;0;0;0;0;1;1;0
"NTCD";2;3;0;0;0;0;0;0;4;1;0
"NTCS";2,3;2;0;0;0;0;0;0;0;0;0
"NTCX";3,5;1;0;0;0;0;0;0;0;0;0
"NTEN";3;2;0;0;0;0;0;0;5;1;0
"NTER";3;1;0;0;0;0;0;0;4;1;0
"NTEX";3;3;0;0;0;0;0;0;4;1;0
"NTGT";3;2;0;0;0;0;0;0;4;1;0
"NTHE";2;3;0;0;0;0;0;0;4;1;0
"NTHR";1;3;0;0;3;3;0;0;0;0;0
"NTIB";2;1;4;2;0;0;0;0;5;1;0
"NTIN";1;3;0;0;3;3;0;0;0;0;0
"NTIR";3;1;0;0;0;0;0;0;4;1;0
"NTMN";2;2;1;3;3;3;0;0;0;0;0
"NTNE";4;1;0;0;1,2;3;0;0;5;2;0
"NTNR";3;2;0;0;0;0;1;5;4;1;0
"NTOL";3,4;1;0;0;0;0;0;0;0;0;0
"NTOU";5;3;0;0;0;0;0;0;1;1;0
"NTOW";3;2;0;0;0;0;0;0;0;0;0
"NTPT";4,4;2;5;3;1,2;4;2;3;5;2;0
"NTRB";4,8;2;0;0;1,3;4;0;0;5;1;0
"NTRI";5;3;0;0;0;0;0;0;5;1;0
"NTRO";3,4;1;0;0;0;0;0;0;4;1;0
"NTRP";5;2;0;0;0;0;0;1;5;1;0
"NTRV";2;3;5;3;0;0;2,7;3;3;1;0
"NTRY";2;3;5;3;2,4;2;2,4;4;4;1;0
"NTSC";1;3;0;0;2,5;3;0;0;4;1;0
"NTSS";2,3;2;5;3;0;0;0;0;0;0;0
"NTTT";1;3;5;3;1,2;1;0;0;0;0;0
"NTUB";2,8;2;0;0;0;0;2,1;4;4;1;0
"NTUS";4,5;1;0;0;1,5;3;1,1;4;1;1;0
"NTVI";2;2;0;0;0;0;0;0;4;1;0
"NTVT";1;3;5;3;0;0;0;0;0;0;0
"NTWY";2;1;0;0;2,5;3;3,1;2;4;1;0
"NULA";5;3;0;0;0;0;1;5;4;1;2
"NUMB";1;3;0;0;3;3;3,8;4;4;1;0
"NUMI";3;1;0;0;0;0;0;0;3;1;0
"NUPR";5;1;0;0;0;0;0;0;0;0;0
"NURU";5;1;0;0;0;0;0;0;0;0;0
"NUSA";4;2;0;0;1,4;3;0;0;5;2;0
"NUTE";2,3;1;0;0;0;0;1,4;4;4;1;0
"NUTG";1;3;0;0;3;3;0;0;0;0;0
"NVAR";5;2;0;0;0;0;1;5;3;1;0
"NVAS";5;1;0;0;0;0;1;5;4;1;0
"NVAV";3,8;1;4;1;1,7;1;0;0;4;2;0
"NVCC";5;1;0;0;0;0;0;0;4;1;0
"NVCP";3;3;4;1;0;0;0;0;0;0;0
"NVDA";3;1;0;0;0;0;0;0;0;0;0
"NVDL";4;2;0;0;0;0;1;5;4;1;0
"NVDS";1,5;2;0;0;1,2;2;3,2;2;4;1;1
"NVEN";1;2;0;0;3,1;4;3,3;2;5;1;0
"NVER";4;1;0;0;2;3;2;3;2;2;0
"NVGE";3;2;4;1;0;0;0;0;0;0;0
"NVHE";5;1;0;0;0;0;0;0;2;1;0
"NVIL";3;1;4;1;0;0;0;0;4;1;0
"NVIP";2,9;1;0;0;0;0;0;0;0;0;0
"NVIR";3;3;4;1;2,5;3;2,2;4;4;1;2
"NVMJ";2;3;0;0;0;0;0;0;4;1;0
"NVMT";1;3;0;0;2;2;0;0;0;0;0
"NVNT";4,6;1;0;0;0;0;1;5;5;1;0
"NVOB";3;1;0;0;0;0;0;0;0;0;0
"NVOY";2;2;0;0;0;0;0;0;4;1;0
"NVPA";3;2;0;0;0;0;0;0;4;1;0
"NVRB";5;2;0;0;0,6;3;0;0;1;3;2
"NVRC";5;1;0;0;0;0;0;0;0;0;0
"NVRD";0;0;0;0;0;0;0;0;0;0;0
"NVRN";5;2;0;0;1,5;1;0;0;3;1;0
"NVRO";3;3;0;0;2;3;2,2;4;4;1;0
"NVRT";1;3;0;0;2;2;0;0;0;0;0
"NVTB";5;1;0;0;0;0;1,2;4;0;0;0
"NVTC";5;1;0;0;0;0;0;0;4;1;0
"NVTG";1;3;0;0;3,1;3;0;0;0;0;0
"NVTL";5;1;0;0;0;0;0;0;4;1;0
"NVTO";5;1;0;0;0;0;0;0;0;0;0
"NVVL";3;1;4;1;0;0;0;0;4;1;0
"NWAL";2,8;2;0;0;0;0;0;0;4;1;0
"NWDI";5;1;0;0;0;0;0;0;4;1;0
"NWIE";3;1;0;0;0;0;0;0;4;1;0
"NWUE";3,2;2;0;0;0;0;2,1;4;4;2;0
"NXAS";3;1;0;0;0;0;0;0;5;2;0
"NYIR";2;2;0;0;0;0;0;0;4;1;0
"NYPG";3;2;0;0;0;0;2,2;4;4;1;0
"NYPM";2,2;1;0;0;2,1;2;3,4;2;5;1;0
"NZAB";2;1;0;0;0;0;0;0;0;0;0
"NZAC";3,2;2;0;0;0;0;0;0;4;2;0
"NZAD";2,8;2;0;0;0;0;0;0;4;1;0
"NZAG";4;1;0;0;0;0;1,9;4;4;1;0
"NZBA";2,5;1;3;2;0;0;0;0;4;1;0
"NZBU";1;3;0;0;2,5;3;3,4;2;5;1;0
"NZCB";2;3;0;0;0;0;0;0;4;1;0
"NZCT";1;3;0;0;2,5;2;0;0;0;0;0
"NZDC";4;2;0;0;1,5;1;0;0;0;0;0
"NZDI";1;3;0;0;2,5;3;3,4;2;5;1;0
"NZFT";4,5;1;0;0;1,8;1;0;0;4;1;0
"NZGA";3;2;5;2;1,5;1;0;0;0;0;0
"NZGR";2;1;0;0;0;0;0;0;4;1;0
"NZHO";2,5;1;0;0;2,2;4;0;0;4;1;0
"NZIT";1;3;4;2;1,2;1;0;0;0;0;0
"NZLT";3;2;0;0;0;0;0;0;4;1;0
"NZMA";3;1;4;2;1;1;0;0;4;1;0
"NZMC";3,5;1;4;2;1;1;0;0;4;2;0
"NZMI";1;3;1;2;2,5;2;0;0;5;1;0
"NZPM";4;3;0;0;0;0;0;0;4;1;0
"NZPU";1;3;0;0;0;0;0;0;0;0;0
"NZPV";5;2;0;0;2,5;3;1,6;2;5;1;0
"NZRT";1;3;5;2;1,5;1;0;0;0;0;0
"NZSA";1,5;2;0;0;0;0;0;0;4;1;0
"NZSG";1;3;5;3;2,5;2;0;0;0;0;0
"NZSN";0;0;0;0;0;0;0;0;4;1;0
"NZSU";1,5;2;0;0;0;0;2,7;3;5;1;0
"NZTG";1;3;0;0;0;0;0;0;0;0;0
"NZTN";4,5;1;4;2;0;0;0;0;4;1;0
"NZTS";2,3;2;5;3;0;0;0;0;0;0;0
"OCAN";4;1;0;0;1,5;3;0;0;5;2;0
"OHOR";2,8;2;0;0;0;0;0;0;0;0;0
"OMAR";4;1;0;0;1,5;3;0;0;5;2;0
"OMUT";2,8;2;0;0;0;0;0;0;0;0;0
"OOLS";2,8;2;0;0;0;0;0;0;0;0;0
"OPAR";2,8;2;0;0;0;0;0;0;0;0;0
"PABA";5;3;0;0;0,3;4;0;0;1;3;0
"PABV";4;1;0;0;0;0;0;0;3;1;0
"PACR";5;3;0;0;0;0;0;0;0;0;0
"PACT";1;3;0;0;0;0;0;0;0;0;0
"PAIR";5;3;0;0;2,1;2;0;0;1;3;0
"PAJS";5;2;0;0;0;0;0;0;1;3;0
"PAPP";5;3;0;0;2,1;1;0;0;1;2;0
"PAPR";2,6;1;0;0;0;0;2,1;4;0;0;0
"PARO";4;1;0;0;0;0;0;0;2;2;0
"PBDI";2,8;2;0;0;0;0;0;0;1;3;0
"PBIC";5;2;0;0;1;4;1,2;4;1;3;1
"PBIO";5;1;0;0;0;0;1,2;4;2;1;0
"PBMU";4;3;1;3;1,7;1;0;0;2;3;0
"PBND";4;1;4;2;0;0;0;0;4;1;0
"PBOR";5;3;0;0;0,4;3;1,4;3;4;3;0
"PBRA";5;3;0;0;0;0;0;0;1;3;0
"PBRC";4;3;0;0;0;0;0;0;2;3;0
"PBRE";4;3;1;3;1,8;1;2,1;2;2;3;0
"PBRN";5;3;0;0;0;0;0;0;1;3;0
"PBTG";1;3;0;0;0;0;0;0;0;0;0
"PCBN";4;1;4;2;0;0;0;0;4;1;0
"PCHL";5;1;0;0;0;0;0;0;2;1;0
"PCLD";4,2;2;0;0;0;0;0;0;4;1;0
"PCLT";4;1;0;0;0;0;1,7;4;4;1;0
"PCTA";5;1;0;0;0;0;0;0;4;1;0
"PDAO";4,5;1;0;0;0;0;1,1;4;2;1;0
"PDAU";4,8;2;0;0;0;0;0;0;2;2;0
"PDGT";2;3;0;0;0;0;0;0;4;1;0
"PDIG";4,5;2;0;0;0;0;0;0;0;0;0
"PDII";4,5;2;0;0;0;0;0;0;0;0;0
"PDIV";5;2;0;0;1;4;0;0;1;3;0
"PEGC";4;2;0;0;0;0;0;0;4;1;0
"PELG";4;2;0;0;0;0;1,5;3;5;1;0
"PERI";5;3;5;3;0;0;0;0;2;3;0
"PFIB";5;3;5;3;0;0;0;0;2;3;0
"PFIT";1;3;5;3;0;0;0;0;0;0;0
"PFTN";3;2;0;0;0;0;1;5;5;2;0
"PGAS";5;2;0;0;1,5;3;1,5;5;3;1;0
"PGCR";4,5;1;0;0;0;0;1,6;2;5;1;0
"PGDA";5;2;0;0;0;0;1,1;4;2;1;0
"PGIB";5;2;0;0;0,3;4;2,5;1;1;3;0
"PGIF";5;3;0;0;0;0;0;0;1;3;0
"PGLI";5;2;0;0;0;0;1;5;1;3;0
"PGLO";5;2;0;0;0;0;0;0;1;3;0
"PGRA";5;2;0;0;0,2;4;1;5;1;3;0
"PGRI";5;2;0;0;0;0;0;0;3;1;0
"PGRN";5;1;0;0;0;0;0;0;5;2;0
"PGSU";5;2;0;0;0;0;0;0;1;3;0
"PHEL";5;2;0;0;0;0;1;5;3;1;0
"PHER";5;3;5;3;0;0;0;0;2;3;0
"PHIL";5;2;5;2;0,6;2;0;0;2;3;0
"PHUT";4,8;1;0;0;0;0;1;5;2;2;2
"PICR";4,5;1;0;0;0;0;0;0;0;0;0
"PINT";5;2;0;0;1;4;1,2;4;1;3;1
"PIRR";5;3;0;0;2,1;2;0;0;1;3;0
"PITE";3;3;0;0;0;0;2,4;2;4;1;0
"PITG";1;3;0;0;0;0;0;0;0;0;0
"PKRY";3;2;0;0;0;0;0;0;3;1;0
"PLAU";4,8;3;0;0;0;0;1,9;4;5;2;0
"PLBI";4,6;1;0;0;0;0;0;0;5;1;0
"PLEM";5;2;0;0;0;0;0;0;3;1;0
"PLEN";2,9;2;0;0;0;0;2;3;5;2;2
"PLEV";2;3;0;0;0;0;1;5;0;0;0
"PLFR";3,4;1;3;1;0;0;2,5;1;3;1;0
"PLFT";1;3;3;1;0;0;0;0;0;0;0
"PLHO";3,8;1;0;0;0;0;0;0;3;1;0
"PLHU";4,8;1;0;0;0;0;1;5;2;2;2
"PLIG";4;2;0;0;0;0;0;0;4;1;0
"PLUH";5;1;0;0;0;0;0;0;3;1;2
"PLUN";4,5;1;0;0;0;0;0;0;0;0;0
"PMAJ";5;3;0;0;1;2;1;5;3;3;0
"PMBD";4,5;1;1;3;0;0;0;0;1;3;0
"PMBR";4;3;1;3;1,8;1;2,1;2;2;3;0
"PMDC";4;2;0;0;0;0;1;5;1;1;0
"PMES";5;2;0;0;0,9;2;1,2;4;1;3;0
"PMEU";5;2;0;0;1;1;1,2;4;1;3;0
"PMIC";2,5;3;0;0;0,7;2;0;0;2;1;1
"PMMO";5;2;0;0;0;0;0;0;3;1;2
"PMOC";3;2;0;0;0;0;2,2;4;0;0;0
"PMOL";4;3;0;0;0;0;0;0;1;3;1
"PMRG";5;2;0;0;0;0;1;5;3;1;0
"PMTG";1;3;0;0;0;0;0;0;0;0;1
"PMTH";4,8;1;0;0;0;0;1;5;2;2;2
"PMTN";5;2;0;0;0;0;0;0;3;1;2
"PMUS";4;3;0;0;0;0;0;0;5;1;0
"PNCO";4;1;5;3;0;0;0;0;4;2;2
"PNOD";5;2;0;0;0;0;0;0;1;3;0
"PNOI";5;3;0;0;1,2;4;0;0;1;3;0
"POBF";2,8;2;0;0;0;0;0;0;1;3;0
"POBG";4,5;1;0;0;0;0;0;0;2;2;0
"POBS";3;1;0;0;0;0;0;0;1;3;0
"POTG";1;3;0;0;0;0;0;0;0;0;0
"PPAV";3;3;0;0;0;0;0;0;0;0;0
"PPDT";4;1;0;0;0;0;0;0;3;1;0
"PPEF";4;1;0;0;0;0;0;0;0;0;0
"PPIF";4,4;1;3;1;0;0;0;0;3;1;0
"PPLC";4;1;0;0;1,9;3;1,6;4;4;1;0
"PPLR";4;2;5;3;0;0;0;0;4;1;0
"PPPL";4;1;0;0;1,9;3;1,6;4;4;1;0
"PPRO";2;2;0;0;0;0;2,1;4;4;1;0
"PPRS";4;1;0;0;2,4;3;2,2;3;3;1;0
"PPSA";3;2;0;0;0;0;0;0;3;1;0
"PPSC";4;1;0;0;0;0;0;0;4;1;0
"PPSD";1;3;0;0;0;0;0;0;4;1;0
"PPTT";1;3;0;0;2,4;2;0;0;0;0;0
"PPVS";3;3;0;0;0;0;0;0;0;0;0
"PPVT";1;3;0;0;0;0;0;0;0;0;0
"PRAA";1;3;0;0;1;1;0;0;0;0;0
"PRAD";4;1;0;0;1;3;0;0;0;0;0
"PRBT";1;3;0;0;0;0;0;0;0;0;0
"PRBU";4,6;1;0;0;0;0;0;0;0;0;0
"PROS";5;1;0;0;0;0;0;0;3;1;0
"PRSK";4;1;0;0;0;0;0;0;5;2;0
"PRST";4,4;1;3;1;0;0;0;0;3;1;0
"PRUP";4,2;3;0;0;0;0;0;0;2;3;0
"PSAC";4,7;1;0;0;0;0;0;0;3;1;0
"PSAP";3;2;0;0;0;0;0;0;0;0;0
"PSAT";5;1;0;0;0;0;1,1;4;2;2;0
"PSBR";3;1;0;0;0;0;1,3;4;4;2;0
"PSCA";5;2;5;2;0,6;2;1;5;2;3;0
"PSCI";4;3;5;3;1,7;4;0;0;5;2;0
"PSCT";5;1;0;0;0;0;0;0;2;2;0
"PSEL";5;2;5;2;0,6;2;0;0;0;0;0
"PSGI";5;2;0;0;0;0;1;5;0;0;0
"PSHO";4,5;1;0;0;0;0;0;0;0;0;0
"PSIL";5;3;0;0;0;0;0;0;1;3;0
"PSIN";3;2;0;0;0;0;0;0;0;0;0
"PSMI";5;2;0;0;1,3;1;0;0;1;3;0
"PSOM";4;3;0;0;0;0;0;0;5;1;0
"PSOR";4;3;0;0;0;0;0;0;1;1;0
"PSPV";5;2;0;0;0,3;4;0;0;1;3;0
"PSRE";5;1;0;0;0;0;1;5;3;1;0
"PSSB";3;1;0;0;0;0;0;0;4;1;0
"PSSE";3;1;0;0;0;0;1,4;3;0;0;0
"PSTZ";5;1;0;0;0;0;0;0;2;2;0
"PSUL";2;2;0;0;0;0;0;0;0;0;0
"PTCO";4;1;5;3;0;0;1,5;2;4;2;2
"PTCP";4;1;5;3;0;0;1,5;2;4;2;2
"PTDE";3;3;0;0;0;0;2,6;3;5;2;2
"PTDU";4;1;0;0;0;0;0;0;3;1;0
"PTEL";2,8;1;3;1;0;0;0;0;3;2;0
"PTHA";2,8;2;0;0;0;0;0;0;5;2;0
"PTHM";2;3;0;0;0;0;1;5;0;0;0
"PTJU";5;2;0;0;0;0;1;5;1;3;0
"PTLA";4,6;1;3;1;0,9;1;2,3;1;4;1;0
"PTLE";2,8;1;3;1;0;0;0;0;3;2;0
"PTLT";1;3;3;1;0,9;1;0;0;0;0;0
"PTMO";5;2;0;0;0;0;1;5;3;1;2
"PTOE";4,8;3;0;0;0;0;1,3;4;3;2;0
"PTPE";5;2;0;0;0;0;1,1;4;3;2;0
"PTRO";4,4;1;3;1;0;0;0;0;3;1;0
"PULA";4,5;2;0;0;0;0;1,4;3;4;1;1
"PUOB";3;1;0;0;0;0;0;0;0;0;0
"PUSB";4;1;0;0;0;0;0;0;4;1;0
"PVEN";5;1;0;0;0;0;0;0;1;1;0
"PVIF";5;2;0;0;1,3;1;0;0;1;3;0
"PVIR";4;2;0;0;1,3;1;1,2;4;1;1;0
"PVMI";5;2;0;0;0;0;0;0;1;3;0
"PVRU";4,2;3;0;0;0;0;0;0;2;3;0
"RABB";4;1;4;2;1,8;3;2,1;4;4;1;2
"RABT";1;3;4;2;1,8;1;0;0;0;0;2
"RAMP";2;3;0;0;0;0;0;0;0;0;0
"RANA";5;1;5;3;0,4;3;0;0;2;2;2
"RASU";2;3;0;0;0;0;0;0;0;0;0
"RCUR";4;1;4;2;1,8;3;0;0;4;1;2
"RGBL";5;3;0;0;0;0;0;0;1;1;0
"RGIB";5;1;0;0;1,4;3;1,5;3;2;1;0
"RGIV";5;3;0;0;1,4;3;1,5;3;2;1;0
"RLIN";5;3;0;0;0,4;3;0;0;2;0;0
"RPET";5;2;0;0;0;0;1;5;1;1;0
"RPUS";5;3;0;0;0;0;1;5;2;2;0
"RSIN";4,8;1;0;0;1,5;1;2;2;3;3;2
"RSIT";1;3;0;0;1,5;1;0;0;0;0;2
"RUNI";4,5;1;0;0;0;0;0;0;4;3;2
"RUNT";1;3;0;0;0;0;0;0;0;0;2
"SAAN";4;1;0;0;1,5;3;0;0;1;1;0
"SACT";2;2;0;0;0;0;0;0;4;1;0
"SAGA";4;1;0;0;0;0;0;0;0;0;0
"SAGE";5;1;0;0;0;0;0;0;0;0;0
"SAGR";5;3;0;0;0;0;0;0;5;2;0
"SALP";4;2;0;0;0;0;0;0;0;0;0
"SAMA";5;1;0;0;0,3;4;1;5;4;1;2
"SAMD";4;1;0;0;0;0;0;0;0;0;0
"SAMF";3,4;1;0;0;0;0;0;0;0;0;0
"SAMP";4;1;0;0;0;0;1;5;1;1;2
"SAMT";4;1;0;0;0;0;0;0;4;1;0
"SANG";4;1;3;2;1,7;2;2,2;2;4;1;0
"SANT";1;3;3;2;1,7;1;0;0;0;0;0
"SAPH";5;1;0;0;0;0;0;0;3;1;0
"SAPI";3;1;2;1;0;0;0;0;5;1;0
"SAST";2;2;0;0;1,5;3;0;0;0;0;0
"SASY";5;2;5;3;1,5;1;0;0;3;1;0
"SBBI";4;2;5;3;1,5;3;0;0;3;1;0
"SBER";3;1;0;0;2,1;3;0;0;4;1;0
"SBIF";4;2;5;3;1,5;3;0;0;3;1;0
"SBIN";4;1;0;0;2;5;0;0;0;0;0
"SBIR";4;2;0;0;0;0;0;0;3;1;0
"SBIS";4,5;3;5;3;0;0;0;0;3;1;0
"SBIT";1;3;0;0;0;0;0;0;0;0;0
"SBKU";3;2;0;0;0;0;0;0;3;1;0
"SBMI";4,5;3;0;0;0;0;0;0;3;1;0
"SBND";4;1;4;2;0;0;0;0;4;1;0
"SBNO";4;1;4;2;0;0;0;0;4;1;0
"SBOE";4;1;0;0;2;5;0;0;0;0;0
"SBRE";3;2;2;1;1,6;2;2,5;2;5;1;0
"SBRI";2;3;0;0;0;0;0;0;3;1;0
"SBRT";1;3;2;1;1,6;1;0;0;0;0;0
"SBRV";3;1;0;0;0;0;1,3;4;4;2;0
"SBSU";4;2;5;3;0;0;0;0;3;1;0
"SCAP";4;3;0;0;1,5;3;0;0;4;1;0
"SCBI";4;1;4;2;0;0;0;0;4;1;0
"SCBT";1;3;4;2;0;0;0;0;0;0;0
"SCCO";4,5;3;5;3;0;0;0;0;3;1;0
"SCON";4;1;4;2;1,1;3;1,4;3;4;1;0
"SCPL";4;1;0;0;0;0;0;0;2;2;2
"SCPM";3,8;1;0;0;0;0;0;0;2;1;0
"SCRU";4;2;2;1;1,9;2;0;0;3;1;0
"SCSL";3;1;0;0;0;0;0;0;4;1;0
"SCSS";3;1;0;0;0;0;0;0;4;1;0
"SCTG";1;3;4;2;1,1;1;0;0;0;0;0
"SCTL";2;1;0;0;0;0;0;0;0;0;0
"SDAN";4;1;0;0;1,5;3;0;0;1;1;0
"SDEL";5;3;0;0;0,5;3;1;5;2;1;0
"SDOR";3;2;0;0;0;0;0;0;0;0;0
"SDPA";4;1;0;0;2,4;3;2,2;3;3;1;0
"SDSU";4;1;0;0;0;0;0;0;4;1;0
"SDUB";3;2;0;0;2,2;2;0;0;0;0;0
"SEBA";4;1;0;0;1,5;3;1,6;4;4;1;0
"SELA";5;1;0;0;0;0;1,1;4;4;1;0
"SELE";5;3;0;0;1,3;2;0;0;5;1;0
"SELI";3;1;0;0;0;0;1,4;3;4;1;0
"SEMN";2,2;1;0;0;1,8;3;0;0;3;1;1
"SEMU";4;3;0;0;0;0;0;0;4;1;1
"SENO";5;3;0;0;0;0;0;0;5;1;0
"SERA";3;2;0;0;0;0;0;0;5;1;1
"SEXA";1;3;0;0;0;0;0;0;0;0;0
"SEXG";5;2;0;0;0;0;1;5;3;1;0
"SFAM";4;1;0;0;0;0;0;0;4;1;0
"SFSC";2;3;0;0;2,4;3;0;0;4;2;0
"SFTR";2;3;0;0;0;0;0;0;4;2;0
"SGOU";4;2;0;0;0;0;0;0;0;0;0
"SGRL";5;3;0;0;0;0;0;0;5;2;0
"SGRU";5;2;0;0;0;0;0;0;3;1;0
"SHAN";1,8;1;0;0;2,7;4;0;0;0;0;0
"SHDE";1,8;1;0;0;2,7;2;0;0;0;0;0
"SHEL";5;3;0;0;0;0;1;5;3;1;0
"SHET";2;2;0;0;0;0;0;0;0;0;0
"SHST";2,6;1;0;0;0;0;0;0;0;0;0
"SHTE";3;1;0;0;2,7;4;0;0;0;0;0
"SHUS";3;1;0;0;0;0;0;0;4;1;0
"SIDE";3;2;0;0;0;0;2,2;4;5;1;0
"SIDT";1;3;0;0;0;0;0;0;0;0;0
"SINC";2,6;1;0;0;0;0;0;0;0;0;0
"SINT";5;3;0;0;1;4;1;5;1;1;0
"SJOU";3;2;0;0;0;0;1,8;3;5;1;1
"SKPO";3;2;0;0;0;0;0;0;0;0;0
"SKSS";1,8;1;0;0;0;0;0;0;0;0;0
"SLAD";4;3;0;0;1,5;3;0;0;3;1;0
"SLCO";5;2;0;0;0;0;0;0;3;1;0
"SLDB";4;1;0;0;0;0;0;0;4;1;0
"SLDU";4;1;0;0;0;0;0;0;4;1;0
"SLED";4;1;0;0;0;0;0;0;4;1;0
"SLEP";4;1;0;0;1,5;3;0;0;4;1;0
"SLHE";5;3;0;0;0;0;1;5;3;1;0
"SLIN";5;2;5;3;1,5;3;1,1;4;3;1;0
"SLMA";4;1;0;0;1,5;3;0;0;5;2;0
"SLPP";5;2;0;0;0;0;0;0;2;1;0
"SMED";2,8;1;0;0;0;0;0;0;0;0;0
"SMIN";5;2;0;0;1,4;3;0;0;4;1;0
"SMOE";5;3;0;0;0;0;0;0;3;1;0
"SMOT";5;1;0;0;0;0;0;0;5;2;0
"SMST";3,3;2;0;0;0;0;0;0;0;0;0
"SMTO";4;3;0;0;0;0;0;0;2;1;1
"SNEO";2;2;0;0;0;0;0;0;0;0;0
"SNYA";4;3;0;0;0;0;0;0;4;1;1
"SOAE";2;2;0;0;0;0;0;0;3;1;0
"SOAN";4;1;3;2;1,7;1;0;0;4;1;0
"SOBT";5;3;0;0;0;0;1;5;5;2;0
"SODB";4,5;2;0;0;0;0;0;0;2;1;0
"SOLD";4,5;2;0;0;0;0;0;0;2;1;0
"SOMT";3;1;0;0;0;0;0;0;5;1;0
"SOSL";2;2;0;0;0;0;0;0;3;1;0
"SOSM";4;1;3;2;1,6;1;0;0;4;1;0
"SOVI";2;2;2;1;0;0;2,9;4;3;1;0
"SOXY";3;1;2;1;0;0;0;0;3;1;2
"SPAV";3;1;0;0;0;0;0;0;5;1;0
"SPBR";5;3;0;0;0;0;0;0;5;2;0
"SPEM";4;1;0;0;0;0;0;0;3;0;0
"SPER";4;1;0;0;0;0;0;0;0;0;0
"SPHO";5;3;0;0;0;0;1,5;2;5;2;0
"SPHS";2;2;0;0;0;0;0;0;5;2;0
"SPIN";4;1;5;3;1,4;1;1,4;3;4;1;1
"SPIT";1;3;5;3;1,4;1;0;0;0;0;1
"SPLT";4,5;2;0;0;0;0;1,4;3;4;1;1
"SPMA";3;3;3;2;0;0;0;0;3;1;0
"SPMI";3;3;3;2;0;0;0;0;3;1;0
"SPMU";4;3;0;0;0;0;0;0;2;1;1
"SPNA";3;3;3;2;0;0;0;0;3;1;0
"SPSC";4;1;0;0;0;0;0;0;4;1;0
"SPUE";4;1;5;2;1,5;1;0;0;2;1;0
"SPUP";2,6;2;3;2;1,9;2;2,4;2;3;1;1
"SPUT";1;3;3;2;1,9;1;0;0;0;0;1
"SPWI";2;2;0;0;0;0;0;0;0;0;0
"SPYG";4,8;2;0;0;0,9;2;1,6;2;4;2;0
"SRAD";5;2;0;0;0;0;0;0;2;1;0
"SRBA";5;3;0;0;0;0;1;5;1;1;0
"SRDU";4;1;0;0;0;0;0;0;4;1;0
"SRFA";4;1;5;2;0;0;0;0;2;1;2
"SRMA";4;1;0;0;1,5;3;0;0;5;2;0
"SRME";3,4;1;4;1;0;0;0;0;4;2;2
"SROT";2,5;1;0;0;1,5;3;0;0;0;0;0
"SRPI";4;1;5;3;1,4;3;0;0;4;1;1
"SRPT";1;3;5;3;1,4;1;0;0;0;0;1
"SRSC";4;1;5;2;0;0;0;0;2;1;0
"SRSP";5;2;0;0;1,7;2;0;0;3;1;0
"SRUM";4;1;0;0;1,5;1;1,6;3;2;1;0
"SSAX";5;3;0;0;1,3;2;0;0;5;1;0
"SSBB";5;1;0;0;0;0;1;5;4;1;0
"SSEM";1,5;2;0;0;1,2;2;3,2;2;4;1;1
"SSET";1;3;0;0;1,2;1;0;0;0;0;0
"SSLE";4;1;0;0;1,5;3;0;0;4;1;0
"SSMI";5;2;0;0;1,7;4;1,5;2;5;2;0
"SSMU";4;1;5;3;1,4;3;1,4;3;4;0;1
"SSPL";5;2;0;0;1,7;2;0;0;3;1;0
"SSSL";3;1;0;0;0;0;0;0;4;1;0
"SSTM";5;1;0;0;0;0;1;5;4;1;0
"SSUE";2;2;0;0;0;0;0;0;3;1;0
"SSVB";4;1;4;2;0;0;0;0;4;1;0
"SSVE";4;1;4;2;0;0;0;0;4;1;0
"SSVT";4;1;4;2;0;0;0;0;4;1;0
"STAB";2;3;0;0;2,4;3;0;0;5;2;0
"STAF";2;2;0;0;0;0;0;0;5;2;0
"STAK";3;2;0;0;0;0;0;0;5;2;0
"STAN";5;3;0;0;1,3;2;1,2;4;5;2;0
"STBR";4,9;3;0;0;0;0;0;0;0;0;0
"STCU";5;3;0;0;1;1;1;5;1;1;0
"STDE";5;3;0;0;0,5;3;1;5;2;1;0
"STER";3;1;0;0;0;0;0;0;0;0;0
"STFA";2;3;0;0;2,4;2;0;0;4;2;0
"STHE";5;1;0;0;0;0;1,4;3;5;2;0
"STIN";2,6;1;0;0;0;0;0;0;0;0;0
"STKR";4,8;2;0;0;0,9;2;1,6;2;4;2;0
"STLA";5;2;0;0;0;0;0;0;2;1;0
"STLB";3;1;0;0;2,1;3;0;0;4;1;0
"STLE";3,8;2;0;0;0;0;0;0;5;2;0
"STME";4,9;3;0;0;0;0;0;0;0;0;0
"STMI";4;1;0;0;0;0;0;0;0;0;0
"STNE";4;1;0;0;0,7;2;0;0;0;0;0
"STNV";4;1;0;0;0,7;2;0;0;3;1;0
"STPO";2,2;3;0;0;0;0;0;0;5;2;0
"STRP";2,5;1;0;0;0;0;0;0;4;1;0
"STRU";0;0;0;0;0;0;0;0;4;1;0
"STSA";2;2;0;0;0;0;0;0;5;2;0
"STSB";3;1;0;0;2,1;3;0;0;4;1;0
"STTG";1;3;0;0;2,4;2;0;0;0;0;0
"STTU";3;1;0;0;0;0;0;0;0;0;0
"STUR";4;3;0;0;1,5;3;0;0;3;1;0
"STVO";0;0;0;0;0;0;0;0;4;1;0
"SUAP";4;1;3;2;1,6;1;0;0;4;1;0
"SUCE";4,5;3;5;3;0;0;0;0;3;1;0
"SUCH";4;1;0;0;0;0;0;0;3;1;0
"SUCL";3,7;2;0;0;0;0;0;0;0;0;0
"SUDA";4;1;0;0;1,7;4;0;0;3;1;0
"SUDE";5;2;5;3;1,5;1;0;0;3;1;0
"SULN";3;1;2;1;1,9;1;0;0;2;1;0
"SUME";3;1;0;0;0;0;0;0;0;0;0
"SUMI";3;1;2;1;0;0;2,4;3;5;1;0
"SUOM";3;1;0;0;0;0;0;0;0;0;0
"SUOX";3;1;2;1;0;0;0;0;3;1;2
"SURO";5;2;0;0;0;0;0;0;3;1;0
"SUTE";4;1;0;0;1,9;2;0;0;3;1;0
"SUTG";1;3;0;0;0;0;0;0;0;0;0
"SVAL";5;2;0;0;0;0;0;0;3;1;0
"SVCA";4;1;4;1;1,5;1;0;0;2;1;2
"SVDI";0;0;0;0;0;0;0;0;3;1;0
"SVES";2,5;1;0;0;0;0;0;0;4;1;0
"SVTC";5;1;0;0;0;0;0;0;4;1;0
"SVTL";5;1;0;0;0;0;0;0;0;0;0
"SVTR";3,4;1;4;1;1,5;1;0;0;4;2;2
"SWIS";2;2;0;0;0;0;0;0;0;0;0
"SYBI";4;1;0;0;0;0;0;0;4;1;0
"SYDE";4;1;0;0;0;0;0;0;4;1;0
"SYLI";3;1;0;0;2,1;3;0;0;4;1;0
"SYNA";5;2;0;0;0;0;1,1;4;4;1;0
"SYNT";4;2;0;0;0;0;0;0;1;1;0
"SZBR";4,9;3;0;0;0;0;0;0;0;0;0
"SZCR";4,9;3;0;0;0;0;0;0;0;0;0
"TANG";3,8;3;0;0;2,9;2;1,3;4;4;1;0
"TAPI";2,4;2;0;0;2,9;5;2,8;4;4;1;0
"TBAL";2,6;1;0;0;0;0;0;0;0;0;0
"TBCO";2,4;2;0;0;2,9;5;2,8;4;4;1;0
"TBRA";3;3;0;0;0;0;0;0;0;0;0
"TCAL";2,3;2;0;0;0;0;2,9;4;4;1;0
"TCHT";2;3;0;0;0;0;0;0;4;1;0
"TDEB";2;2;5;3;0;0;0;0;4;1;0
"TFAM";5;1;5;3;0;0;0;0;0;0;2
"TFAS";2;3;0;0;2,4;3;2,5;3;4;2;0
"TFEA";5;1;0;0;0;0;0;0;2;3;2
"TFEG";5;1;0;0;0;0;0;0;0;0;0
"TFEN";5;2;0;0;0,5;3;0;0;1;3;2
"TFGE";5;1;0;0;0;0;0;0;0;0;0
"TFIN";5;1;0;0;1,4;3;0;0;0;0;2
"TFLI";5;1;5;3;0;0;0;0;0;0;0
"TFLO";5;1;5;3;0,6;3;1,1;4;2;3;2
"TFLT";1;3;5;3;0,6;3;0;0;0;0;0
"TFLU";2;2;0;0;2,2;4;0;0;0;0;0
"TFOA";5;1;0;0;0;0;0;0;2;3;2
"TFPE";5;1;0;0;0;0;0;0;0;0;0
"TFTL";5;1;0;0;0;0;0;0;0;0;0
"TGES";3;3;0;0;0;0;0;0;0;0;0
"TGRL";2;3;5;3;2,4;2;2,4;4;4;1;0
"TGSS";2,3;2;5;3;0;0;0;0;0;0;0
"THLA";3;3;0;0;0;0;0;0;0;0;0
"THNI";1;2;0;0;0;0;0;0;0;0;0
"THUN";2,2;2;0;0;2,6;3;2,9;4;5;1;0
"THUT";1;3;0;0;2,6;2;0;0;0;0;0
"TLEV";2;2;5;3;0;0;2,9;4;4;1;0
"TLIT";2;2;0;0;0;0;0;0;4;1;0
"TNAV";2;2;0;0;0;0;0;0;4;1;0
"TPRK";2,3;1;0;0;0;0;0;0;0;0;0
"TPSN";2;2;0;0;0;0;0;0;5;0;0
"TRBA";2;3;0;0;0;0;0;0;4;1;0
"TRPU";2;1;0;0;0;0;0;0;4;1;0
"TRSS";2,3;2;5;3;0;0;0;0;0;0;0
"TSAL";2,3;2;5;3;0;0;0;0;0;0;0
"TTAB";2;3;0;0;2,4;2;0;0;5;2;0
"TTAT";1;3;0;0;2,4;2;0;0;0;0;0
"TTEI";4,8;1;0;0;0;0;0;0;0;0;0
"TVEN";5;2;0;0;0;0;1;5;1;3;0
"TVIC";2;2;0;0;0;0;0;0;4;1;0
"TVIS";2,2;1;0;0;0;0;0;0;0;0;0
"TWEI";2;2;0;0;2,2;4;0;0;0;0;0
"UACU";4;1;0;0;1,8;3;0;0;3;1;2
"UBIC";3;1;0;0;1,9;5;0;0;3;1;1
"UCAP";4;3;0;0;1,5;3;0;0;4;1;0
"UDAN";4;1;0;0;1,7;4;0;0;3;1;0
"UDEA";4;1;0;0;1,5;3;0;0;1;1;0
"UDEL";4;1;0;0;0;0;0;0;4;1;0
"ULAT";1;3;0;0;0;0;0;0;0;0;0
"ULDA";4;1;0;0;1,5;3;0;0;1;1;0
"ULDE";4;1;0;0;0;0;0;0;4;1;0
"UOXY";3;1;2;1;0;0;0;0;3;1;2
"UPSG";3;1;0;0;1,9;1;0;0;3;1;1
"UUAC";4;1;0;0;1,8;3;0;0;3;1;2
"UUAN";4;1;0;0;1,5;3;0;0;1;1;0
"UUAT";1;3;0;0;1,8;3;0;0;0;0;2
"UUCL";3,7;2;0;0;0;0;0;0;0;0;0
"UUCT";1;3;0;0;0;0;0;0;0;0;0
"UULN";3;1;2;1;1,9;1;2,7;1;2;1;0
"UULT";1;3;2;1;1,9;1;2,7;1;0;0;0
"UUNG";3;2;0;0;0;0;0;0;0;0;0
"UUNT";1;3;0;0;0;0;0;0;0;0;0
"ADAM";5;2;0;0;0;0;0;0;0;0;0
"NYCO";4;2;0;0;0;0;0;0;0;0;0
"CEUO";3,5;1;0;0;0;0;0;0;0;0;0
"GCUN";5;1;4;2;0;0;0;0;0;0;2
"GITA";4;1;0;0;0;0;0;0;0;0;0
"DSEP";5;2;0;0;0;0;0;0;0;0;0
"NCRX";2,5;1;0;0;0;0;0;0;0;0;2
"GAGV";5;1;4;2;0;0;0;0;0;0;2
"NDFO";0;0;0;0;0;0;0;0;5;1;0
"CSLP";5;2;0;0;0;0;0;0;0;0;0
"ALBL";0;0;0;0;0;0;0;0;0;0;0
"PMNT";0;0;0;0;0;0;0;0;0;0;0
"NESC";2,8;2;0;0;0;0;0;0;4;1;0
"FACS";5;1;0;0;0;0;0;0;0;0;0
"NRFO";3;2;0;0;0;0;0;0;4;1;0
"PLMN";0;0;0;0;0;0;0;0;0;0;0
"HRUT";0;0;0;0;0;0;0;0;0;0;0
"CRDI";0;0;0;0;0;0;0;0;0;0;0
"AMID";5;1;0;0;0;0;0;0;0;0;0
"CEXF";5;1;0;0;0;0;0;0;0;0;0
"CFON";4,8;1;0;0;0;0;0;0;0;0;0
"SCVE";4;1;4;2;0;0;0;0;4;1;1
"GMEX";3,2;3;0;0;0;0;0;0;0;0;0
"CLCT";4;2;0;0;0;0;0;0;3;1;0
"NSNM";0;0;0;0;0;0;0;0;0;0;0
"ALFF";3,4;1;3;1;0;0;0;0;0;0;0
"CEAN";0;0;0;0;0;0;0;0;0;0;0
"NPSA";0;0;0;0;0;0;0;0;5;1;0
"PPRI";5;2;0;0;0;0;0;0;0;0;0
"NPAR";2,8;1;0;0;0;0;0;0;4;1;0
"CSUT";5;3;0;0;1,2;1;0;0;0;0;0
"CPEO";3,5;1;0;0;0;0;0;0;0;0;0
"PBIF";0;0;0;0;0;0;0;0;2;2;0
"ADRU";4;1;0;0;0;0;0;0;0;0;0
"CRBU";2;3;0;0;3;3;3;3;4;1;0
"HPDA";0;0;0;0;0;0;0;0;0;0;0
"GSCL";5;1;5;3;0,9;2;1,2;4;3;1;0
"NSHB";0;0;0;0;0;0;0;0;0;0;0
"PACD";4;1;0;0;0;0;0;0;0;0;0
"CLBE";5;3;0;0;0,6;2;0;0;2;1;0
"GOEP";2;2;0;0;0;0;0;0;3;1;0
"DDAL";0;0;0;0;0;0;0;0;0;0;0
"SJAP";0;0;0;0;0;0;0;0;0;0;0
"GINN";0;0;0;0;0;0;0;0;0;0;0
"AZHA";0;0;0;0;0;0;0;0;0;0;0
"GMIS";5;1;4;2;0;0;0;0;0;0;2
"CHFA";0;0;0;0;0;0;0;0;0;0;0
"LKOT";3;3;0;0;0;0;0;0;0;0;0
"ABRE";3;3;0;0;0;0;0;0;3;1;0
"ALDU";4;1;0;0;0;0;0;0;3;1;0
"GCAP";4;1;4;2;1,8;1;1,5;2;4;1;0
"ABTH";4;1;0;0;0;0;0;0;2;2;0
"ADTH";4;1;0;0;0;0;0;0;2;2;0
"GINS";4;2;0;0;0;0;0;0;3;1;0
"PUPR";3,7;1;0;0;0;0;0;0;0;0;0
"PDIC";4;1;0;0;1,4;3;0;0;4;1;0
"ACDF";5;2;0;0;0;0;0;0;0;0;0
"FKRA";5;2;0;0;0;0;0;0;0;0;0
"NLAL";3;2;0;0;0;0;0;0;0;0;0
"ACOA";4,5;3;0;0;0,1;5;0;0;3;1;0
"CDUN";5;1;0;0;0;0;0;0;0;0;0
"CIRI";5;2;0;0;0;0;0;0;0;0;0
"CNTE";0;0;0;0;0;0;0;0;0;0;0
"DGEM";5;3;0;0;0,1;5;0;0;2;3;0
"DMOD";4;2;0;0;0;0;0;0;1;1;0
"GAUR";5;1;5;3;0;0;1,1;4;3;1;0
"NZAL";5;2;0;0;0;0;1;5;4;1;0
"CPTE";4;1;4;2;0;0;0;0;3;2;0
"EARB";5;3;0;0;0;0;1;5;1;3;0
"GACD";4,5;3;0;0;0;0;0;0;0;0;0
"NFLE";3;1;0;0;0;0;0;0;1;2;0
"ACUR";5;1;0;0;0;0;0;0;3;1;0
"CPSE";5;2;0;0;0;0;1;5;2;1;0
"CSBH";5;3;0;0;0,6;2;0;0;0;0;0
"ESVH";0;0;0;0;0;0;0;0;0;0;0
"FPCO";4;1;0;0;0;0;0;0;3;1;0
"GPEX";0;0;0;0;0;0;0;0;5;3;0
"NJAK";4;2;0;0;0;0;0;0;0;0;0
"PSRU";4,5;2;0;0;0;0;0;0;1;3;0
"EUDI";0;0;0;0;0;0;0;0;3;1;0
"GCUW";5;2;0;0;0;0;1,6;4;0;0;0
"NAOB";4;1;0;0;0;0;0;0;5;1;0
"PIAN";5;2;0;0;0;0;0;0;0;0;0
"BGAR";0;0;0;0;0;0;0;0;0;0;0
"CVLP";5;2;0;0;0;0;0;0;4;1;0
"ECFA";5;2;0;0;0;0;1;5;2;1;0
"EELG";5;3;0;0;0;0;0;0;2;1;0
"EVUL";5;3;0;0;0;0;0;0;0;0;0
"GYPA";2;2;0;0;0;0;0;0;5;2;0
"NCCC";5;1;0;0;0;0;0;0;0;0;0
"DELM";0;0;0;0;0;0;0;0;0;0;0
"DKRA";4;2;0;0;0;0;0;0;0;0;0
"FPSP";2;3;0;0;2,7;2;0;0;0;0;0
"GBRE";4,5;3;0;0;0;0;0;0;3;1;0
"GPBO";5;1;0;0;0;0;0;0;0;0;0
"MKUE";0;0;0;0;0;0;0;0;5;1;0
"NAMA";2;1;0;0;0;0;3,5;2;5;1;0
"NLCN";3;1;0;0;0;0;0;0;4;1;0
"NPRP";2;2;0;0;0;0;0;0;4;1;0
"NVDM";3;1;0;0;0;0;0;0;0;0;0
"STSE";4;1;0;0;0;0;0;0;0;0;0
"CLTL";4;2;0;0;0;0;1;5;2;1;0
"DBRE";5;2;0;0;0;0;0;0;5;1;0
"DPCT";0;0;0;0;0;0;0;0;0;0;0
"FNOP";5;1;0;0;0;0;0;0;2;1;0
"GCRS";5;3;0;0;0;0;0;0;0;0;0
"GOBA";4,8;2;0;0;0;0;0;0;5;2;0
"GZEL";0;0;0;0;0;0;0;0;0;0;0
"HARK";0;0;0;0;0;0;0;0;0;0;0
"NHRD";3,1;1;0;0;0;0;0;0;5;1;1
"NSBN";4,5;1;0;0;0;0;1;5;0;0;0
"PDTS";3;1;0;0;0;0;0;0;2;1;0
"PUND";4;2;0;0;0;0;0;0;4;1;0
"SSSA";2;2;0;0;0;0;0;0;3;1;0
"AMRO";5;2;0;0;0;0;0;0;2;2;2
"ANSS";5;2;0;0;0;0;1,3;4;3;1;0
"CIDF";0;0;0;0;0;0;0;0;0;0;0
"CPPV";5;3;0;0;1,2;1;0;0;0;0;0
"EAUE";4;3;5;2;0;0;0;0;0;0;0
"FCAN";0;0;0;0;0;0;0;0;0;0;0
"FHEN";4;1;0;0;0;0;0;0;0;0;0
"GOAH";3,2;2;0;0;0;0;0;0;4;1;0
"HISU";4;1;0;0;0;0;0;0;0;0;0
"MKRA";5;2;0;0;0;0;0;0;4;1;0
"NDLP";0;0;0;0;0;0;1,1;4;0;0;0
"NVAN";0;0;0;0;0;0;0;0;0;0;0
"NVLC";2;2;0;0;0;0;0;0;4;1;0
"PDID";5;1;0;0;0;0;0;0;5;1;0
"PLPP";5;2;0;0;0;0;0;0;0;0;0
"PLVD";4;1;0;0;0;0;0;0;2;1;0
"SRBU";4,8;1;0;0;0;0;1;5;3;1;0
"SUCA";3;1;0;0;2;3;0;0;3;1;0
"BNEG";0;0;0;0;0;0;0;0;0;0;0
"CHLI";2;1;0;0;0;0;0;0;4;1;0
"CJAR";5;2;0;0;0;0;1,1;4;3;1;0
"CRMO";2;1;1;3;0;0;0;0;4;1;1
"CVIX";2;1;0;0;0;0;0;0;4;1;0
"CVMO";5;1;0;0;0;0;1,4;4;4;1;0
"DFON";0;0;0;0;0;0;0;0;0;0;0
"ELAC";5;3;0;0;0;0;0;0;3;1;0
"ESIL";5;2;0;0;0;0;0;0;1;3;0
"ETAN";3;1;0;0;1;4;2,6;0;4;1;0
"FICG";4,5;2;0;0;0;0;1,1;4;1;1;0
"FKSI";0;0;0;0;0;0;0;0;0;0;0
"FODD";4,5;2;0;0;0;0;0;0;0;0;0
"HNEG";4;1;0;0;0;0;0;0;0;0;0
"NBCL";3,8;1;0;0;0;0;1,1;4;2;1;0
"NDSL";5;2;0;0;0;0;0;0;0;0;0
"NICO";2;3;0;0;0;0;0;0;4;1;0
"NPUR";3;2;0;0;0;0;0;0;4;1;0
"OPAF";0;0;0;0;0;0;0;0;0;0;0
"PSYM";5;2;0;0;0;0;0;0;4;1;0
"SPPU";2;2;0;0;0;0;0;0;4;1;0
"AAMC";0;0;0;0;1,5;3;0;0;0;0;0
"ABIN";3;2;0;0;0;0;0;0;3;1;0
"ASTO";4,5;1;0;0;0;0;0;0;3;1;0
"CBFQ";0;0;0;0;0;0;0;0;0;0;0
"CITT";0;0;0;0;0;0;0;0;0;0;0
"CLAE";5;3;0;0;0;0;1;5;2;1;0
"CSBI";5;3;0;0;0;0;0;0;0;0;0
"ECTG";5;2;5;3;0;0;0;0;1;3;0
"ENVA";5;1;0;0;0;0;0;0;0;0;0
"EPER";5;1;0;0;0;0;0;0;0;0;0
"FFON";2;3;0;0;2,4;3;0;0;5;2;0
"FPEC";0;0;0;0;0;0;2,1;2;5;2;0
"GAMO";5;2;0;0;0;0;0;0;1;1;0
"GCOR";5;2;0;0;0;0;0;0;0;0;0
"GOPA";4;1;4;2;0;0;0;0;2;1;2
"LSAX";4;1;0;0;0;0;0;0;5;2;0
"NCUS";2,6;3;3;2;2,5;3;2,7;3;4;1;1
"NEHC";5;1;0;0;0;0;1;5;1;3;0
"NIPE";2;2;0;0;0;0;0;0;4;1;0
"NMCV";3;1;0;0;0;0;0;0;4;1;0
"NOPP";5;3;0;0;0;0;0;0;2;1;0
"NOVA";2;3;0;0;0;0;0;0;4;1;0
"NPHP";0;0;0;0;0;0;0;0;0;0;0
"NRBU";3;2;0;0;0;0;0;0;0;0;0
"NUPN";0;0;0;0;0;0;0;0;0;0;0
"NUWE";4;1;0;0;0;0;0;0;0;0;0
"NWIL";0;0;0;0;0;0;1;5;0;0;0
"NZCD";3;2;0;0;0;0;0;0;4;1;0
"PCON";0;0;0;0;0;0;0;0;4;1;0
"PDEL";2;3;0;0;0;0;0;0;4;1;0
"PGRU";0;0;0;0;0;0;0;0;0;0;0
"PMNO";5;2;0;0;0;0;0;0;0;0;0
"STOV";4;1;0;0;0;0;0;0;0;0;0
"SVER";5;1;0;0;0;0;1,2;4;5;1;0
"AAEQ";2;3;0;0;0;0;0;0;5;1;0
"AHIN";4;2;0;0;0;0;0;0;3;1;0
"ALVA";5;3;0;0;0;0;0;0;3;1;0
"APBP";0;0;0;0;0;0;0;0;0;0;0
"ARUP";5;1;0;0;0;0;0;0;3;1;0
"ATHE";2;1;0;0;0;0;0;0;3;1;0
"ATHU";0;0;0;0;0;0;1,1;4;5;1;0
"BINT";5;1;0;0;0;0;0;0;0;0;0
"CBBU";4;3;0;0;0;0;0;0;2;1;0
"CCOM";4;1;0;0;1;3;0;0;0;0;0
"CHBE";5;1;0;0;0;0;0;0;5;1;0
"CKOA";5;2;0;0;0;0;0;0;0;0;0
"CRML";2;1;1;3;3,3;3;0;0;0;0;1
"CSGP";0;0;0;0;0;0;0;0;0;0;0
"EBID";5;2;0;0;0;0;0;0;1;3;0
"EELE";5;1;0;0;0;0;0;0;1;3;0
"EMON";5;2;0;0;0,5;3;0;0;1;3;0
"ENLU";5;2;0;0;0;0;0;0;2;1;0
"ENMS";5;2;0;0;0;0;1;5;0;0;2
"ENSU";4;1;0;0;0;0;0;0;0;0;0
"EOIN";0;0;0;0;0;0;0;0;0;0;0
"EPTR";5;2;0;0;0;0;0;0;4;3;0
"ESTK";5;3;0;0;0;0;0;0;1;3;0
"GENI";5;1;0;0;0;0;0;0;5;1;0
"HPUM";0;0;0;0;0;0;0;0;0;0;0
"MFOB";5;1;0;0;0;0;0;0;5;1;0
"NBAV";4;1;0;0;0;0;0;0;4;1;0
"NCOA";2;3;0;0;0;0;0;0;4;1;0
"NDET";5;1;0;0;0;0;1;5;4;1;0
"NELO";0;0;0;0;0;0;0;0;0;0;0
"NFOB";5;1;0;0;0;0;2,6;3;5;1;0
"NIDS";0;0;0;0;0;0;0;0;4;1;0
"NMDE";0;0;0;0;0;0;0;0;0;0;0
"NPPP";2;2;0;0;0;0;1,5;2;4;1;0
"NRAE";0;0;0;0;0;0;0;0;0;0;0
"NREV";1,8;2;0;0;0;0;0;0;4;1;0
"NSHC";5;1;0;0;0;0;0;0;2;1;0
"NWEZ";0;0;0;0;0;0;0;0;4;1;0
"NZRA";2;1;0;0;0;0;0;0;4;1;2
"OROE";5;2;0;0;0;0;0;0;0;0;0
"PALT";5;2;0;0;0;0;1;5;3;1;0
"PBOD";5;3;0;0;0,5;3;0;0;0;0;0
"PISS";0;0;0;0;0;0;0;0;0;0;0
"PLTA";0;0;0;0;0;0;0;0;0;0;0
"PMTC";5;1;0;0;0;0;0;0;3;1;0
"PRLA";0;0;0;0;0;0;0;0;0;0;0
"RRUP";5;2;0;0;0;0;0;0;1;1;0
"SADC";0;0;0;0;0;0;0;0;0;0;0
"SGRC";5;2;0;0;0;0;0;0;5;2;0
"SSLP";3;2;0;0;0;0;0;0;0;0;0
"STPI";4;1;5;3;0;0;0;0;4;1;0
"TAER";3;2;0;0;0;0;0;0;4;1;0
"TCOA";2;3;0;0;0;0;0;0;4;1;0
"TLAC";5;3;0;0;0,4;3;0;0;1;1;0
"ABHS";3;2;0;0;0;0;0;0;3;1;0
"ACBO";3,1;1;0;0;0;0;0;0;4;2;0
"ADJA";0;0;0;0;0;0;0;0;0;0;2
"ADNM";5;2;5;3;1;1;0;0;2;2;2
"ADTK";0;0;0;0;0;0;0;0;0;0;0
"AEEX";0;0;0;0;0;0;0;0;0;0;0
"AINF";4;3;0;0;0;0;0;0;3;1;0
"AIPX";5;1;0;0;0;0;0;0;5;1;0
"ALLA";4;2;0;0;0;0;0;0;0;0;0
"APPA";5;2;0;0;0;0;0;0;0;0;0
"ASTU";0;0;0;0;0;0;0;0;0;0;0
"AUSP";0;0;0;0;0;0;0;0;0;0;0
"BZEL";5;2;0;0;0;0;0;0;1;3;0
"CADH";2;1;0;0;0;0;0;0;0;0;0
"CALM";0;0;0;0;0;0;0;0;0;0;0
"CAPR";4;2;0;0;1,1;1;0;0;0;0;0
"CCEL";5;2;5;3;0;0;0;0;0;0;0
"CEXI";0;0;0;0;0;0;0;0;0;0;0
"CHCN";5;2;0;0;0;0;0;0;2;1;0
"CHCS";5;2;0;0;0;0;0;0;0;0;0
"CMKA";0;0;0;0;0;0;0;0;0;0;0
"CNTM";0;0;0;0;0;0;0;0;0;0;0
"CPCA";5;3;0;0;1,2;1;0;0;0;0;0
"CPUL";5;3;0;0;0;0;1;5;3;1;0
"CRIP";2,5;2;0;0;0;0;0;0;4;1;0
"DCFD";0;0;0;0;0;0;0;0;0;0;0
"DECA";4;1;5;2;0;0;2,1;4;5;3;2
"DELE";4;2;0;0;0,2;4;0;0;0;0;0
"DIFO";0;0;0;0;0;0;0;0;0;0;0
"DSBO";4,5;2;0;0;0;0;0;0;1;1;0
"EGFA";5;2;0;0;0,6;3;0;0;0;0;0
"EJEM";0;0;0;0;0;0;0;0;1;3;0
"EKRA";0;0;0;0;0;0;0;0;0;0;0
"EKRU";5;2;0;0;0;0;0;0;1;3;0
"ENMN";0;0;0;0;0;0;0;0;0;0;0
"EPAN";5;2;0;0;0;0;0;0;1;3;0
"ESEP";5;3;0;0;0;0;0;0;1;3;0
"ETET";5;3;0;0;0;0;1;5;1;3;0
"EUBI";5;2;0;0;0,4;3;0;0;1;3;0
"FLCN";3;1;0;0;0;0;0;0;4;1;0
"FOMI";4;1;0;0;0;0;0;0;4;1;0
"GAQM";0;0;0;0;0;0;0;0;0;0;0
"GCUV";5;3;0;0;0;0;0;0;0;0;2
"GCVT";0;0;0;0;0;0;0;0;2;1;0
"GISF";0;0;0;0;0;0;0;0;0;0;0
"GOLC";4,6;2;0;0;2,3;4;0;0;5;2;0
"GREC";0;0;0;0;0;0;0;0;0;0;0
"GTUM";0;0;0;0;0;0;0;0;0;0;0
"HCOX";4,3;2;0;0;0;0;0;0;0;0;0
"LHPU";2;3;0;0;2,5;2;0;0;0;0;0
"LPKO";5;2;0;0;0;0;0;0;0;0;0
"MUGI";4,9;2;0;0;0;0;0;0;4;1;0
"NACG";0;0;0;0;0;0;0;0;0;0;0
"NACT";0;0;0;0;0;0;0;0;0;0;0
"NAMH";5;1;0;0;0;0;0;0;4;1;0
"NATT";5;1;0;0;0;0;0;0;0;0;0
"NBRM";4;3;0;0;0;0;0;0;4;1;0
"NCMU";2,8;2;0;0;0;0;0;0;4;1;0
"NCRP";0;0;0;0;0;0;0;0;0;0;0
"NCTH";0;0;0;0;0;0;0;0;0;0;0
"NDEA";4;2;0;0;0;0;0;0;0;0;0
"NDGU";5;1;0;0;0;0;0;0;4;1;0
"NDSN";5;1;0;0;0;0;0;0;0;0;0
"NEPM";2,5;1;0;0;0;0;0;0;4;1;0
"NESE";5;2;0;0;0;0;0;0;2;3;0
"NFES";5;1;0;0;1;4;1;5;4;1;0
"NFLX";0;0;0;0;0;0;0;0;4;2;0
"NFRQ";0;0;0;0;0;0;0;0;0;0;0
"NGOT";5;2;0;0;0;0;1;5;4;1;0
"NHAM";4;1;0;0;0;0;0;0;4;1;0
"NIBR";3,8;1;0;0;0;0;0;0;4;1;0
"NIRI";5;2;0;0;1,2;3;1;5;2;3;0
"NKUE";0;0;0;0;0;0;0;0;5;1;0
"NLAP";5;2;0;0;0;0;0;0;4;1;0
"NLGC";4,5;2;0;0;0;0;0;0;0;0;0
"NLON";0;0;0;0;0;0;0;0;4;1;0
"NLTE";0;0;0;0;0;0;0;0;0;0;0
"NLTK";4;1;0;0;0;0;0;0;0;0;0
"NMVS";0;0;0;0;0;0;0;0;0;0;0
"NNOR";2;2;0;0;0;0;0;0;4;1;0
"NPSZ";0;0;0;0;0;0;0;0;0;0;0
"NPTE";0;0;0;0;0;0;0;0;0;0;0
"NPUG";5;3;0;0;0;0;0;0;0;0;0
"NSBA";3;1;0;0;0;0;0;0;4;1;0
"NSCK";0;0;0;0;0;0;0;0;0;0;0
"NSTK";5;1;0;0;0;0;0;0;4;1;0
"NSUD";3;1;0;0;0;0;0;0;4;1;0
"NUVY";0;0;0;0;0;0;0;0;0;0;0
"NZLA";2,2;2;0;0;0;0;0;0;4;1;0
"PBAM";5;3;0;0;0;0;0;0;1;3;1
"PBSC";0;0;0;0;0;0;0;0;1;3;0
"PDGS";5;2;0;0;0;0;0;0;1;3;0
"PDUB";5;3;0;0;0;0;0;0;1;3;0
"PHMI";5;2;0;0;0;0;0;0;3;1;0
"PKUT";0;0;0;0;0;0;0;0;0;0;0
"PLRU";5;1;0;0;0;0;0;0;3;1;0
"PMIA";4;2;0;0;0;0;0;0;0;0;0
"PMRO";5;2;0;0;0;0;0;0;0;0;0
"PPAE";4;1;0;0;0;0;0;0;0;0;0
"PRUM";5;2;0;0;0;0;0;0;0;0;0
"PSSR";5;2;5;2;0,6;2;0;0;0;0;0
"PSTW";5;2;0;0;0;0;0;0;3;1;0
"PTSE";2,8;2;0;0;0;0;0;0;5;2;0
"RPAR";5;3;0;0;0;0;1;5;1;1;0
"SCEX";0;0;0;0;0;0;0;0;1;1;0
"SPRO";5;2;0;0;0;0;0;0;5;2;0
"SSTR";2;3;0;0;0;0;0;0;3;1;0
"STAC";5;2;0;0;1;4;0;0;5;2;0
"STAG";4;1;0;0;0;0;1;5;5;2;0
"STAL";2;2;0;0;0;0;0;0;5;2;0
"SUVI";0;0;0;0;0;0;0;0;3;1;0
"TLUC";2,5;2;0;0;0;0;0;0;0;0;0
"AACA";5;1;0;0;0;0;0;0;0;0;0
"ABUL";0;0;0;0;0;0;0;0;0;0;0
"ABZE";5;2;0;0;0;0;0;0;1;3;0
"ACOL";0;0;0;0;0;0;0;0;0;0;0
"ADMC";5;2;0;0;1;2;0;0;2;2;0
"ADSL";2,5;1;0;0;0;0;0;0;3;1;0
"AEXA";4;1;0;0;0;0;0;0;0;0;0
"AFRI";0;0;0;0;0;0;0;0;3;1;0
"AHLN";0;0;0;0;0;0;0;0;0;0;0
"AHMI";5;2;0;0;0;0;0;0;3;1;0
"AINC";0;0;0;0;0;0;0;0;0;0;0
"AIPF";0;0;0;0;0;0;0;0;4;1;0
"ALEO";0;0;0;0;0;0;0;0;0;0;0
"AMCD";0;0;0;0;0;0;0;0;0;0;0
"AMMI";0;0;0;0;0;0;0;0;0;0;0
"AMNM";2,5;2;0;0;0;0;0;0;0;0;0
"AMSP";0;0;0;0;0;0;0;0;0;0;0
"ANOD";5;2;0;0;0;0;1;5;2;2;0
"ARCH";0;0;0;0;0;0;0;0;0;0;0
"ARPU";3,8;1;0;0;0;0;0;0;0;0;2
"ARST";4,4;1;3;1;0;0;0;0;3;1;0
"ASBS";2,5;1;0;0;0;0;0;0;3;1;0
"ASBX";0;0;0;0;0;0;0;0;3;1;0
"ASCA";0;0;0;0;0;0;0;0;0;0;0
"ASHO";0;0;0;0;0;0;0;0;0;0;0
"ASMO";0;0;0;0;0;0;1,6;2;0;0;0
"ASRE";0;0;0;0;0;0;0;0;0;0;0
"ATRI";5;3;0;0;0;0;1;5;3;1;0
"AULC";0;0;0;0;0;0;0;0;0;0;0
"AUTL";4,8;1;0;0;0;0;0;0;0;0;0
"BCPF";0;0;0;0;0;0;0;0;0;0;0
"BLAN";2;3;0;0;0;0;0;0;0;0;0
"BSCO";2,8;2;0;0;0;0;0;0;0;0;0
"CACY";2;2;0;0;0;0;0;0;0;0;0
"CAER";0;0;0;0;0;0;1;5;3;1;0
"CAHE";5;2;0;0;0;0;0;0;2;1;0
"CBCL";4;1;0;0;0;0;0;0;3;1;0
"CBIF";0;0;0;0;0;0;0;0;0;0;0
"CBKN";0;0;0;0;0;0;0;0;0;0;0
"CBNL";0;0;0;0;0;0;0;0;0;0;0
"CBSP";0;0;0;0;0;0;0;0;0;0;0
"CBSU";4;3;0;0;0;0;0;0;2;1;0
"CBUD";4;3;0;0;0;0;0;0;2;1;0
"CCLE";5;2;0;0;0;0;0;0;3;1;0
"CCNO";4;3;0;0;0;0;0;0;2;1;0
"CDCP";0;0;0;0;0;0;0;0;0;0;0
"CEHI";4;3;0;0;1,7;2;0;0;4;1;0
"CGAR";0;0;0;0;0;0;0;0;0;0;0
"CHCP";5;2;0;0;0;0;0;0;0;0;0
"CHKF";0;0;0;0;0;0;0;0;0;0;0
"CHRH";4;2;0;0;0;0;0;0;0;0;0
"CHTO";4;3;0;0;0;0;0;0;0;0;0
"CIQF";0;0;0;0;0;0;0;0;0;0;0
"CKPP";0;0;0;0;0;0;0;0;0;0;0
"CNVL";5;2;0;0;0;0;0;0;2;1;0
"CORI";0;0;0;0;0;0;0;0;0;0;0
"COUN";5;1;0;0;0;0;0;0;0;0;0
"CPRA";3,7;1;0;0;0;0;0;0;0;0;0
"CPSG";0;0;0;0;0;0;0;0;0;0;0
"CPTO";0;0;0;0;0;0;0;0;2;2;0
"CPUS";5;3;0;0;0;0;0;0;1;1;0
"CSBL";4;1;0;0;0;0;0;0;3;1;0
"CSBN";5;3;0;0;0;0;0;0;0;0;0
"CSPA";0;0;0;0;0;0;0;0;0;0;0
"CSRE";4;1;0;0;0;0;0;0;0;0;0
"CTHE";3;1;0;0;0;0;0;0;3;1;0
"CTLA";4;2;0;0;0;0;1;5;2;1;0
"CTUR";5;3;0;0;0;0;0;0;2;1;0
"CVPL";0;0;0;0;0;0;0;0;0;0;0
"CWIK";0;0;0;0;0;0;0;0;0;0;0
"DAES";0;0;0;0;0;0;0;0;1;1;0
"DBOL";5;1;0;0;0;0;0;0;1;1;0
"DBUR";4;2;0;0;0;0;0;0;1;1;0
"DCAP";0;0;0;0;0;0;0;0;0;0;0
"DEME";0;0;0;0;0;0;0;0;0;0;0
"DINO";0;0;0;0;0;0;0;0;0;0;0
"DPAP";0;0;0;0;0;0;0;0;1;1;0
"DPYR";5;1;0;0;0;0;0;0;0;0;0
"DSMI";5;3;0;0;0;0;0;0;1;1;0
"DSPS";0;0;0;0;0;0;0;0;0;0;0
"DSTR";5;3;0;0;0;0;0;0;0;0;0
"DVDI";0;0;0;0;0;0;0;0;4;3;0
"DVLN";4;1;0;0;0;0;2,1;4;5;3;0
"EBIC";5;3;0;0;0;0;0;0;0;0;0
"EBOA";0;0;0;0;0;0;0;0;0;0;0
"EBVC";5;2;0;0;0;0;0;0;0;0;0
"ECCF";0;0;0;0;0;0;0;0;0;0;0
"ECCO";4;2;0;0;0;0;0;0;0;0;0
"ECIR";5;3;0;0;0;0;0;0;1;3;0
"ECLB";0;0;0;0;0;0;0;0;0;0;0
"ECLE";0;0;0;0;0;0;0;0;1;3;0
"ECMU";0;0;0;0;0;0;0;0;0;0;0
"ECTA";0;0;0;0;0;0;0;0;0;0;0
"EDES";5;2;0;0;0;0;1;5;1;1;0
"EFIN";0;0;0;0;0;0;0;0;0;0;0
"EFRI";4;3;0;0;0;0;0;0;1;2;0
"EHEX";5;1;0;0;0,5;3;1;5;1;3;0
"EINS";0;0;0;0;0;0;0;0;0;0;0
"EMBI";0;0;0;0;0;0;0;0;1;3;0
"EMTR";5;3;0;0;0;0;1;5;2;3;0
"ENAF";0;0;0;0;0;0;0;0;0;0;0
"ENBI";0;0;0;0;0;0;0;0;0;0;0
"ENIN";4,2;1;0;0;0;0;0;0;0;0;0
"ENN1";5;2;5;3;0,3;4;0;0;0;0;0
"ENSL";5;2;0;0;0;0;0;0;0;0;0
"ENSM";0;0;0;0;0;0;0;0;0;0;0
"EOAL";5;3;0;0;0;0;0;0;2;1;0
"EORN";2;3;0;0;1,5;3;0;0;0;0;0
"EPBG";0;0;0;0;0;0;0;0;1;3;0
"EPBI";5;2;0;0;0,4;3;0;0;1;3;0
"EPUT";0;0;0;0;0;0;0;0;0;0;0
"EREC";0;0;0;0;0;0;0;0;0;0;0
"ESBR";4,6;3;0;0;0;0;0;0;0;0;0
"ESEM";5;1;0;0;0;0;0;0;0;0;0
"ESER";5;3;0;0;0,4;3;1;5;1;3;0
"ESLA";4;3;0;0;0;0;0;0;0;0;0
"ESMI";0;0;0;0;0;0;0;0;1;2;0
"ESPG";5;3;0;0;0;0;0;0;0;0;0
"ESUE";5;2;0;0;0;0;0;0;1;3;0
"ETGR";4,2;3;0;0;0;0;0;0;1;2;0
"ETLA";0;0;0;0;0;0;0;0;0;0;0
"ETNC";5;2;0;0;0;0;0;0;4;3;0
"EUAL";5;3;0;0;0;0;1;5;3;1;0
"FAMO";5;3;0;0;0;0;0;0;1;2;0
"FAUS";5;1;0;0;0;0;0;0;0;0;0
"FCBO";4,8;1;0;0;0;0;0;0;3;1;0
"FCEX";0;0;0;0;0;0;0;0;1;2;0
"FCPO";4,8;3;0;0;0;0;0;0;0;0;0
"FCSE";0;0;0;0;0;0;0;0;0;0;0
"FGED";0;0;0;0;0;0;0;0;0;0;0
"FGEO";3;1;0;0;0;0;0;0;0;0;0
"FLIN";0;0;0;0;0;0;0;0;0;0;0
"FMGN";4;3;0;0;0;0;0;0;0;0;0
"FNEV";0;0;0;0;0;0;0;0;0;0;0
"FPER";5;1;0;0;0;0;0;0;0;0;0
"FRAC";4;1;0;0;1,8;3;0;0;3;1;2
"FRCS";0;0;0;0;0;0;0;0;0;0;0
"FREI";3;3;0;0;1,5;3;0;0;3;1;0
"FRUN";5;3;0;0;0;0;0;0;1;2;0
"FSFO";0;0;0;0;0;0;0;0;4;1;0
"FSPI";4;3;0;0;0;0;0;0;1;2;0
"FSPN";0;0;0;0;0;0;0;0;0;0;0
"FVCA";4;1;4;1;1,5;1;0;0;2;2;2
"GAGA";3;3;0;0;1,9;5;0;0;3;1;0
"GANC";5;3;0;0;0;0;0;0;2;1;0
"GANJ";0;0;0;0;0;0;0;0;0;0;0
"GBPA";4;1;0;0;0;0;0;0;0;0;0
"GEPL";2;2;0;0;0;0;0;0;3;1;0
"GGAC";0;0;0;0;0;0;0;0;0;0;0
"GICG";0;0;0;0;0;0;0;0;0;0;0
"GLCA";0;0;0;0;0;0;0;0;0;0;0
"GLIP";5;2;0;0;0;0;0;0;0;0;0
"GMCU";4;1;0;0;1,4;1;2;5;0;0;0
"GMEL";3;1;4;2;0;0;0;0;0;0;0
"GMSY";4;1;0;0;0;0;0;0;0;0;0
"GPFO";2;3;3;2;0;0;0;0;0;0;0
"GPHQ";2;3;3;2;0;0;0;0;0;0;0
"GPRL";0;0;0;0;0;0;0;0;0;0;0
"GRMA";2;3;0;0;0;0;0;0;0;0;0
"GSER";0;0;0;0;0;0;0;0;0;0;0
"GSHT";0;0;0;0;0;0;0;0;0;0;0
"GSTO";4,6;2;0;0;0;0;0;0;0;0;0
"GTAC";0;0;0;0;0;0;0;0;3;1;0
"GVIB";4,3;3;0;0;0;0;0;0;1;1;0
"GYMA";0;0;0;0;0;0;0;0;5;2;0
"HAML";0;0;0;0;0;0;0;0;0;0;0
"HPPI";4,3;2;0;0;0;0;0;0;0;0;0
"HROS";0;0;0;0;0;0;0;0;0;0;0
"HSPC";2,8;3;0;0;0;0;0;0;4;1;0
"KNIT";0;0;0;0;0;0;0;0;0;0;0
"KOJA";5;3;0;0;0;0;1;5;4;1;0
"LOBG";4;2;0;0;0;0;0;0;5;2;0
"LSIM";3;1;0;0;0;0;0;0;0;0;0
"MARI";0;0;0;0;0;0;0;0;0;0;0
"MATO";0;0;0;0;0;0;0;0;5;2;0
"MEXI";0;0;0;0;0;0;0;0;0;0;0
"MFSL";0;0;0;0;0;0;0;0;5;1;0
"MLAC";5;2;0;0;0;0;0;0;0;0;0
"MLIN";2;3;0;0;0;0;0;0;0;0;0
"MMOC";0;0;0;0;0;0;0;0;0;0;0
"MNAU";5;2;0;0;0;0;0;0;4;1;0
"NABO";4;3;0;0;0;0;0;0;4;1;0
"NABS";0;0;0;0;0;0;0;0;0;0;0
"NAHX";1,8;2;0;0;0;0;0;0;0;0;0
"NANN";3;2;0;0;0;0;0;0;4;1;0
"NAPL";0;0;0;0;0;0;0;0;0;0;0
"NAPM";0;0;0;0;0;0;0;0;4;1;0
"NAUS";3;1;0;0;0;0;0;0;4;1;0
"NBIF";2;3;0;0;0;0;0;0;0;0;0
"NBMF";0;0;0;0;0;0;0;0;0;0;0
"NBRK";5;2;0;0;0;0;0;0;5;1;0
"NBSA";5;3;0;0;0;0;0;0;2;3;0
"NCPT";0;0;0;0;0;0;0;0;4;1;0
"NCRS";0;0;0;0;0;0;0;0;0;0;0
"NCSN";0;0;0;0;0;0;0;0;0;0;0
"NDMS";0;0;0;0;0;0;0;0;0;0;0
"NDSJ";4,5;1;0;0;0;0;0;0;4;1;0
"NDSO";0;0;0;0;0;0;0;0;0;0;0
"NDUM";0;0;0;0;0;0;0;0;0;0;0
"NDUR";2;3;0;0;0;0;0;0;4;1;0
"NDVS";0;0;0;0;0;0;0;0;0;0;0
"NECH";3;2;0;0;0;0;0;0;0;0;0
"NECS";0;0;0;0;0;0;0;0;0;0;0
"NFCO";5;2;0;0;0;0;1;5;2;1;0
"NFIB";0;0;0;0;0;0;0;0;4;1;0
"NFLB";0;0;0;0;0;0;0;0;0;0;0
"NFTG";0;0;0;0;0;0;0;0;0;0;0
"NFTI";1;1;0;0;0;0;0;0;4;1;0
"NGLV";5;1;0;0;0;0;0;0;5;1;0
"NGRG";3;2;0;0;0;0;0;0;0;0;0
"NGTL";2,8;3;0;0;0;0;0;0;4;2;0
"NHDT";0;0;0;0;0;0;0;0;4;1;0
"NHTI";0;0;0;0;0;0;0;0;0;0;0
"NHYB";3,1;2;0;0;0;0;0;0;4;1;0
"NIBE";0;0;0;0;0;0;0;0;0;0;0
"NICG";5;3;0;0;0;0;0;0;0;0;0
"NICS";0;0;0;0;0;0;0;0;0;0;0
"NIGD";0;0;0;0;0;0;0;0;0;0;0
"NIMP";0;0;0;0;0;0;0;0;4;1;0
"NIPX";5;1;0;0;0;0;0;0;5;1;0
"NISS";2;2;0;0;0;0;0;0;4;1;0
"NKOH";0;0;0;0;0;0;0;0;0;0;0
"NKOZ";3;3;0;0;0;0;0;0;0;0;0
"NKRA";5;2;0;0;0;0;0;0;4;1;0
"NLEI";1,9;1;0;0;0;0;0;0;4;1;0
"NLGI";4;3;0;0;0;0;0;0;2;3;0
"NLSE";0;0;0;0;0;0;0;0;0;0;0
"NMLL";2,2;2;0;0;0;0;0;0;0;0;0
"NMNU";0;0;0;0;0;0;0;0;4;1;0
"NNAM";0;0;0;0;0;0;0;0;0;0;0
"NNML";0;0;0;0;0;0;0;0;0;0;0
"NOCU";4,2;1;0;0;0;0;0;0;4;1;0
"NPAQ";3;1;0;0;0;0;0;0;4;1;0
"NPAX";0;0;0;0;0;0;0;0;0;0;0
"NPCR";0;0;0;0;0;0;0;0;0;0;0
"NPHO";3;3;0;0;0;0;2,4;3;4;1;0
"NPID";0;0;0;0;0;0;0;0;0;0;0
"NPLS";5;2;0;0;0;0;0;0;4;1;0
"NPMI";3;3;0;0;0;0;0;0;0;0;0
"NPNI";4,5;1;0;0;0;0;0;0;0;0;0
"NPSC";5;2;0;0;0;0;1;5;2;1;0
"NPTU";5;2;0;0;0;0;1,3;4;3;1;0
"NPUF";0;0;0;0;0;0;0;0;0;0;0
"NRIE";0;0;0;0;0;0;0;0;0;0;0
"NRTF";3;2;0;0;0;0;0;0;4;1;0
"NSAM";0;0;0;0;0;0;0;0;0;0;0
"NSCO";0;0;0;0;0;0;0;0;0;0;0
"NSDI";0;0;0;0;0;0;0;0;0;0;0
"NSES";2,8;2;0;0;0;0;0;0;4;1;0
"NSFM";0;0;0;0;0;0;0;0;0;0;0
"NSGG";0;0;0;0;0;0;0;0;0;0;0
"NSHS";0;0;0;0;0;0;0;0;0;0;0
"NSMI";0;0;0;0;0;0;0;0;4;1;0
"NSPL";2,8;2;0;0;0;0;0;0;0;0;0
"NSRB";5;1;0;0;0;0;0;0;4;1;0
"NSTH";0;0;0;0;0;0;0;0;0;0;0
"NSUB";5;2;0;0;0,8;4;1;5;1;1;2
"NTRU";0;0;0;0;0;0;0;0;0;0;0
"NUIF";0;0;0;0;0;0;0;0;4;1;0
"NUPA";0;0;0;0;0;0;0;0;0;0;0
"NVDE";0;0;0;0;0;0;0;0;0;0;0
"NVNB";5;2;0;0;0;0;0;0;1;3;0
"NVTE";5;1;0;0;0;0;0;0;0;0;0
"NVTT";0;0;0;0;0;0;0;0;0;0;0
"NZAE";3;2;0;0;0;0;0;0;4;1;0
"NZAR";2;2;0;0;0;0;0;0;5;3;0
"NZCC";1;2;0;0;0;0;0;0;0;0;0
"NZCE";2;1;0;0;0;0;0;0;4;1;0
"NZPI";1;3;0;0;0;0;0;0;0;0;1
"NZSE";0;0;0;0;0;0;0;0;0;0;0
"NZSH";0;0;0;0;0;0;0;0;0;0;0
"NZSY";0;0;0;0;0;0;0;0;0;0;0
"PAAM";5;3;0;0;2,1;2;0;0;1;3;0
"PABD";5;1;0;0;0;0;0;0;0;0;0
"PACO";5;2;0;0;0;0;0;0;1;3;0
"PAGU";0;0;0;0;0;0;0;0;1;3;0
"PAML";0;0;0;0;0;0;0;0;0;0;0
"PBBI";0;0;0;0;0;0;0;0;0;0;0
"PBRT";5;3;0;0;0;0;0;0;1;3;0
"PBSL";5;3;0;0;0;0;0;0;0;0;0
"PCAS";0;0;0;0;0;0;0;0;0;0;0
"PCRX";0;0;0;0;0;0;0;0;0;0;0
"PCYC";4;2;0;0;0;0;0;0;0;0;0
"PDAR";5;2;0;0;0;0;0;0;1;3;0
"PDEP";0;0;0;0;0;0;0;0;0;0;0
"PDOR";0;0;0;0;0;0;0;0;0;0;0
"PEPI";5;2;0;0;0;0;0;0;1;3;0
"PFAL";0;0;0;0;0;0;0;0;0;0;0
"PFQT";0;0;0;0;0;0;0;0;0;0;0
"PFRG";0;0;0;0;0;0;0;0;3;1;0
"PHOL";0;0;0;0;0;0;0;0;3;1;0
"PINA";0;0;0;0;0;0;0;0;0;0;0
"PITM";5;2;0;0;0;0;0;0;2;3;0
"PKRA";0;0;0;0;0;0;0;0;0;0;0
"PLAG";5;2;0;0;0;0;0;0;1;3;0
"PLAP";0;0;0;0;0;0;0;0;1;3;0
"PLGV";2,5;1;0;0;0;0;0;0;0;0;0
"PLPD";2;3;0;0;0;0;0;0;0;0;0
"PLRT";4;1;0;0;0;0;0;0;4;1;0
"PLTE";4,8;2;0;0;0;0;0;0;0;0;0
"PLTH";5;2;0;0;0;0;0;0;1;3;0
"PMCS";0;0;0;0;0;0;0;0;0;0;0
"PMTS";4,8;2;0;0;0;0;0;0;3;1;0
"PNFR";0;0;0;0;0;0;0;0;0;0;0
"PNPE";0;0;0;0;0;0;0;0;0;0;0
"POBT";0;0;0;0;0;0;0;0;0;0;0
"PPCV";5;1;0;0;0;0;0;0;3;1;0
"PPDG";0;0;0;0;0;0;0;0;0;0;0
"PPLA";2;3;0;0;0;0;0;0;1;3;0
"PPOL";5;3;0;0;0;0;0;0;1;3;0
"PPRC";4,8;3;0;0;0;0;0;0;0;0;0
"PPSW";3,9;1;0;0;0;0;0;0;1;1;0
"PPUL";0;0;0;0;0;0;0;0;1;3;0
"PREN";0;0;0;0;0;0;0;0;0;0;0
"PRHB";0;0;0;0;0;0;0;0;0;0;0
"PRHH";0;0;0;0;0;0;0;0;0;0;0
"PRSC";0;0;0;0;0;0;0;0;0;0;0
"PSBF";0;0;0;0;0;0;0;0;0;0;0
"PSBT";4;3;0;0;0;0;0;0;0;0;0
"PSCM";0;0;0;0;0;0;0;0;0;0;0
"PSHR";5;3;0;0;0;0;0;0;1;3;0
"PSHU";5;3;0;0;0;0;0;0;1;3;0
"PSIG";5;2;0;0;0;0;0;0;4;1;0
"PSIR";5;2;0;0;0;0;0;0;0;0;0
"PSRO";4,5;2;0;0;0;0;0;0;1;3;0
"PSTO";5;2;0;0;0;0;0;0;1;3;0
"PSUN";0;0;0;0;0;0;0;0;0;0;0
"PZIE";0;0;0;0;0;0;0;0;2;1;0
"RBRE";0;0;0;0;0;0;0;0;2;1;0
"ROPE";5;2;0;0;0;0;0;0;1;1;0
"RTEN";4;1;4;2;0;0;0;0;0;0;2
"SACU";4;1;0;0;1,8;3;0;0;3;1;2
"SAME";5;2;0;0;0;0;0;0;4;1;0
"SBLO";5;1;0;0;0;0;0;0;4;1;0
"SCCP";0;0;0;0;0;0;0;0;0;0;0
"SENA";5;1;0;0;0;0;0;0;4;1;0
"SEPA";3;1;0;0;0;0;0;0;0;0;1
"SEPR";3;2;0;0;0;0;0;0;4;1;0
"SLAP";5;2;0;0;0;0;0;0;5;2;0
"SLGP";0;0;0;0;0;0;0;0;0;0;0
"SMUR";0;0;0;0;0;0;0;0;5;2;0
"SPAR";4;1;0;0;2,4;3;2,2;3;3;1;0
"SPCO";4;1;0;0;0;0;0;0;3;1;0
"SPDA";5;3;0;0;0;0;0;0;0;0;0
"SROB";0;0;0;0;0;0;0;0;0;0;0
"SSAG";2,8;2;0;0;0;0;0;0;5;2;0
"SSTG";4;1;0;0;0;0;0;0;0;0;0
"STDU";0;0;0;0;0;0;0;0;5;2;0
"STHL";5;2;0;0;0;0;0;0;0;0;0
"STOB";2;2;0;0;0;0;0;0;0;0;0
"SUCO";0;0;0;0;0;0;0;0;3;1;0
"SVEN";0;0;0;0;0;0;0;0;0;0;0
"TKTE";0;0;0;0;0;0;0;0;0;0;0
"TPUN";0;0;0;0;0;0;0;0;0;0;0
"TRAS";2;3;0;0;0;0;0;0;0;0;0
"TRUP";5;3;0;0;0,1;5;1;5;1;1;0
"ULAN";3,5;2;0;0;0;0;0;0;0;0;0
"AGAR";0;0;0;0;0;0;0;0;0;0;0
"AKRI";5;3;0;0;0;0;0;0;1;3;0
"AMDF";0;0;0;0;0;0;0;0;0;0;0
"ANMI";5;1;0;0;0;0;0;0;4;1;0
"ARIC";5;1;0;0;0;0;0;0;5;0;0
"BSTY";5;3;0;0;0;0;0;0;1;3;0
"CALE";5;1;0;0;0;0;0;0;3;1;0
"CALN";0;0;0;0;0;0;0;0;3;1;0
"CALT";0;0;0;0;0;0;0;0;0;0;0
"CCAF";2;2;0;0;0;0;0;0;0;0;0
"CENP";0;0;0;0;0;0;0;0;0;0;0
"CFOT";5;1;0;0;0;0;0;0;0;0;0
"CIGN";5;3;0;0;0;0;0;0;0;0;0
"CLTU";0;0;0;0;0;0;1;5;3;1;0
"CPEL";2;3;0;0;0;0;0;0;2;2;0
"CSMO";5;3;0;0;0;0;1;5;0;0;0
"CVTH";5;2;0;0;0;0;0;0;4;1;0
"CYDE";0;0;0;0;0;0;0;0;0;0;0
"DCRA";0;0;0;0;0;0;0;0;0;0;0
"DVCA";4;1;0;0;0;0;2,1;4;5;3;2
"EGAE";5;2;0;0;0;0;1;5;2;1;0
"EINF";5;1;0;0;0,4;3;0;0;1;3;0
"ENAL";5;3;0;0;0;0;1;5;2;1;2
"EPAP";0;0;0;0;0;0;0;0;1;3;0
"EUGR";5;2;5;3;0;0;0;0;1;3;0
"FAMP";2,5;1;0;0;0;0;0;0;4;1;0
"FFOR";2;2;0;0;0;0;0;0;4;1;0
"FVAC";0;0;0;0;0;0;0;0;0;0;0
"FVTR";5;1;0;0;1;4;1;5;4;1;0
"GCAR";3;3;0;0;0;0;0;0;3;1;0
"GEXT";4;2;0;0;0;0;0;0;0;0;0
"GSGR";0;0;0;0;0;0;0;0;0;0;0
"GTRA";0;0;0;0;0;0;0;0;0;0;0
"KOSU";5;2;0;0;0,8;4;1;5;1;1;2
"LDIS";3;2;0;0;0;0;0;0;5;2;0
"MCST";4;2;0;0;0;0;0;0;0;0;0
"MFOS";0;0;0;0;0;0;0;0;0;0;0
"MUND";2;3;0;0;0;0;0;0;0;0;0
"NASU";0;0;0;0;0;0;0;0;0;0;0
"NBRO";3;2;0;0;0;0;0;0;4;1;0
"NCSY";5;2;0;0;0;0;0;0;4;1;0
"NDCA";0;0;0;0;0;0;0;0;2;3;0
"NFLU";3;1;0;0;0;0;0;0;5;1;0
"NHST";4;3;0;0;0;0;0;0;4;1;0
"NICN";2,5;1;0;0;0;0;0;0;1;1;0
"NIFO";1;3;0;0;3;3;3,8;4;5;3;0
"NIHD";0;0;0;0;0;0;0;0;4;1;0
"NMAC";0;0;0;0;0;0;0;0;0;0;0
"NPAI";5;1;0;0;0;0;0;0;0;0;0
"NPBY";5;1;0;0;0;0;1;5;4;1;0
"NSUE";0;0;0;0;0;0;0;0;4;1;0
"NVCH";0;0;0;0;0;0;0;0;0;0;0
"NVNE";3;1;4;1;0;0;0;0;0;0;0
"NVSA";2;3;0;0;0;0;0;0;0;0;0
"NZAT";4;1;0;0;0;0;0;0;0;0;0
"NZSP";0;0;0;0;0;0;0;0;4;2;0
"ODEN";5;2;0;0;0,1;5;0;0;0;0;0
"PACI";4,7;2;0;0;0;0;0;0;0;0;0
"PCRC";0;0;0;0;0;0;0;0;4;1;0
"PGVA";0;0;0;0;0;0;0;0;0;0;0
"PJOU";3;2;0;0;0;0;0;0;3;2;0
"PLLN";5;3;0;0;0;0;0;0;0;0;0
"PLVU";5;1;0;0;0;0;0;0;3;1;0
"PMAC";5;3;0;0;0;0;0;0;1;3;0
"PNEO";5;2;0;0;0;0;0;0;0;0;0
"PPAR";4;3;0;0;0;0;0;0;0;0;0
"PPIS";5;2;0;0;0;0;0;0;0;0;0
"PSBM";4;3;0;0;0;0;0;0;0;0;0
"SDIS";4,5;1;0;0;0;0;0;0;4;1;0
"SGRA";5;1;0;0;0;0;0;0;3;1;0
"SSGR";5;2;0;0;0;0;0;0;0;0;0
"STGR";5;2;0;0;0;0;0;0;5;2;0
"STNF";5;3;0;0;0;0;0;0;0;0;0
"STNH";4;1;0;0;0;0;0;0;5;2;0
"STNS";3;1;0;0;0;0;0;0;0;0;0
"STSG";0;0;0;0;0;0;0;0;0;0;0
"SULP";5;3;0;0;0;0;0;0;3;1;0
"ECRX";2,5;1;0;0;0;0;0;0;0;0;2
"ESHB";0;0;0;0;0;0;0;0;0;0;0
"CHOB";4;1;0;0;0;0;0;0;0;0;0
"GIOB";4,8;2;0;0;0;0;0;0;5;2;0
"PLVA";4;1;0;0;0;0;0;0;2;1;0
"DICG";4,5;2;0;0;0;0;1,1;4;1;1;0
"SODD";4,5;2;0;0;0;0;0;0;0;0;0
"HTHU";0;0;0;0;0;0;0;0;5;1;0
"HDCO";4;1;0;0;1;3;0;0;0;0;0
"EELT";0;0;0;0;0;0;0;0;0;0;0
"EORD";0;0;0;0;0;0;0;0;0;0;0
"RSIL";5;1;0;0;0;0;0;0;2;1;0
"HBOD";5;3;0;0;0,5;3;0;0;0;0;0
"TGLA";5;3;0;0;0,4;3;1;5;1;1;0
"KBOT";3,1;1;0;0;0;0;0;0;4;2;0
"GOTU";0;0;0;0;0;0;0;0;0;0;0
"GDIG";5;1;0;0;0;0;0;0;4;1;0
"SSTA";5;1;0;0;0;0;0;0;0;0;0
"PLHA";4;1;0;0;0;0;0;0;4;1;0
"EOSA";3;1;0;0;0;0;0;0;5;1;0
"PMAY";5;3;0;0;0;0;0;0;1;3;1
"PMAR";5;2;0;0;0;0;1,9;4;4;2;0
"PMSO";4;2;0;0;0;0;0;0;0;0;0
"PNAM";5;2;0;0;0;0;0;0;0;0;0
"PLSW";5;2;0;0;0;0;0;0;3;1;2
"HLBU";0;0;0;0;0;0;0;0;0;0;0
"PICO";0;0;0;0;0;0;0;0;0;0;0
"AMNA";0;0;0;0;0;0;0;0;0;0;0
"COLM";2,5;2;0;0;0;0;0;0;0;0;0
"RNOD";5;2;0;0;0;0;1;5;2;2;0
"AATA";0;0;0;0;0;0;0;0;0;0;0
"HSCA";0;0;0;0;0;0;0;0;0;0;0
"HSHO";0;0;0;0;0;0;0;0;0;0;0
"HSMO";0;0;0;0;0;0;1,6;2;0;0;0
"ADTR";5;3;0;0;0;0;1;5;3;1;0
"CLTP";0;0;0;0;0;0;0;0;0;0;0
"NCPU";5;3;0;0;0;0;0;0;1;1;0
"CADU";4;1;0;0;0;0;0;0;3;1;0
"APTC";0;0;0;0;0;0;0;0;1;3;0
"EPTD";5;3;0;0;0;0;1;5;2;3;0
"ESHK";5;2;0;0;0;0;0;0;1;3;0
"EAMP";4;3;0;0;0;0;0;0;0;0;0
"ENTL";0;0;0;0;0;0;0;0;0;0;0
"PGEO";3;1;0;0;0;0;0;0;0;0;0
"GGTI";3;3;0;0;1,9;5;0;0;3;1;0
"GPAN";5;3;0;0;0;0;0;0;2;1;0
"GPTA";0;0;0;0;0;0;0;0;3;1;0
"SFAT";0;0;0;0;0;0;1,3;4;5;2;0
"PLCN";3;2;0;0;0;0;0;0;4;1;0
"FFCO";5;2;0;0;0;0;1;5;2;1;0
"DLAE";5;1;0;0;0;0;0;0;5;1;0
"PFOC";4,2;1;0;0;0;0;0;0;5;2;0
"AAQU";3;1;0;0;0;0;0;0;4;1;0
"NBOT";0;0;0;0;0;0;0;0;4;1;0
"FVTT";0;0;0;0;0;0;0;0;0;0;0
"NPMA";1;3;0;0;0;0;0;0;5;1;1
"PAMN";5;3;0;0;2,1;2;0;0;1;3;0
"PARD";5;2;0;0;0;0;0;0;1;3;0
"PRAB";5;2;0;0;0;0;0;0;1;3;0
"PPEP";3,9;1;0;0;0;0;0;0;1;1;0
"SPTH";5;2;0;0;0;0;1,9;4;3;1;0
"EPSG";5;2;0;0;0;0;0;0;1;3;0
"ABKM";3;2;0;0;0;0;0;0;4;1;0
"LSUE";0;0;0;0;0;0;0;0;4;1;0
"NNMU";3;1;4;1;0;0;0;0;4;1;0
"ODRO";5;2;0;0;0,1;5;0;0;0;0;0
"STGX";0;0;0;0;0;0;0;0;1;1;0
"EUNE";0;0;0;0;0;0;0;0;1;3;0
"SRTR";3;2;0;0;0;0;0;0;4;1;0
